Workbook

Sheet StatewideResultsTable
B2: Five Districts, Three Winners from Each
B3: 4 + 5: East of the Mountains
B4: 3 + 8: Southwest WA + I-90 Corridor
B5: 6 + 10: South Sound and Peninsula
B6: 7 + 9: Seattle and South King County
B7: 1 + 2: North Puget Sound
B8: Note: This is not how I would draw the districts, but these combinations make the most for combining districts as they are currently drawn.
E10: WA Congressional Vote Share by Party in August Primary | L10: WA Congressional Vote Share by Party in August Primary
F11: Democratic | G11: Republican | H11: Left-wing | I11: Independent | M11: Total Votes | N11: Democratic | O11: Republican | P11: DSA-adjacent | Q11: Independent
E12: STATEWIDE | F12: =CongressionalAnalysis!E3 -> 0.39463653 | G12: =CongressionalAnalysis!E4 -> 0.35135054 | H12: =CongressionalAnalysis!E5 -> 0.20298072 | I12: =CongressionalAnalysis!E6 -> 0.051032211 | L12: STATEWIDE | M12: =CongressionalAnalysis!L2 -> 0 | N12: =CongressionalAnalysis!M3 -> -0.5333527 | O12: =CongressionalAnalysis!M4 -> -0.22625328 | P12: =CongressionalAnalysis!M5 -> 0.89212661 | Q12: =CongressionalAnalysis!M6 -> -0.13252063
E13: WA-1 (Redmond to Marysville) | F13: =CongressionalAnalysis!E9 -> 0.55262093 | G13: =CongressionalAnalysis!E10 -> 0.26211131 | H13: =CongressionalAnalysis!E11 -> 0.10901584 | I13: =CongressionalAnalysis!E12 -> 0.074875602 | L13: WA-1 (Redmond to Marysville) | M13: =CongressionalAnalysis!L8 | N13: =CongressionalAnalysis!M9 -> -0.33 | O13: =CongressionalAnalysis!M10 -> -0.1 | P13: =CongressionalAnalysis!M11 -> 0.33 | Q13: =CongressionalAnalysis!M12 -> 0.11
E14: WA-2 (Everett to Bellingham) | F14: =CongressionalAnalysis!E14 -> 0.423407 | G14: =CongressionalAnalysis!E15 -> 0.32797003 | H14: =CongressionalAnalysis!E16 -> 0.24775906 | I14: =CongressionalAnalysis!E17 -> 0 | L14: WA-2 (Everett to Bellingham) | M14: =CongressionalAnalysis!L13 | N14: =CongressionalAnalysis!M14 -> -0.85 | O14: =CongressionalAnalysis!M15 -> -0.49 | P14: =CongressionalAnalysis!M16 -> 1.35 | Q14: =CongressionalAnalysis!M17 -> 0
E15: WA-3 (Southwest WA) | F15: =CongressionalAnalysis!E19 -> 0.38108359 | G15: =CongressionalAnalysis!E20 -> 0.42842357 | H15: =CongressionalAnalysis!E21 -> 0.16700001 | I15: =CongressionalAnalysis!E22 -> 0.022816808 | L15: WA-3 (Southwest WA) | M15: =CongressionalAnalysis!L18 | N15: =CongressionalAnalysis!M19 -> -1.38 | O15: =CongressionalAnalysis!M20 -> 0.49 | P15: =CongressionalAnalysis!M21 -> 0.85 | Q15: =CongressionalAnalysis!M22 -> 0.05
E16: WA-4 (Central WA) | F16: =CongressionalAnalysis!E24 -> 0.29917777 | G16: =CongressionalAnalysis!E25 -> 0.63028438 | H16: =CongressionalAnalysis!E26 -> 0 | I16: =CongressionalAnalysis!E27 -> 0.069717722 | L16: WA-4 (Central WA) | M16: =CongressionalAnalysis!L23 | N16: =CongressionalAnalysis!M24 -> -0.13 | O16: =CongressionalAnalysis!M25 -> 0.09 | P16: =CongressionalAnalysis!M26 -> 0 | Q16: =CongressionalAnalysis!M27 -> 0.05
E17: WA-5 (Eastern WA) | F17: =CongressionalAnalysis!E29 -> 0.27535025 | G17: =CongressionalAnalysis!E30 -> 0.47398009 | H17: =CongressionalAnalysis!E31 -> 0.044307548 | I17: =CongressionalAnalysis!E32 -> 0.20551984 | L17: WA-5 (Eastern WA) | M17: =CongressionalAnalysis!L28 | N17: =CongressionalAnalysis!M29 -> -0.04 | O17: =CongressionalAnalysis!M30 -> -0.59 | P17: =CongressionalAnalysis!M31 -> 0.2 | Q17: =CongressionalAnalysis!M32 -> 0.42
E18: WA-6 (Tacoma to the Peninsula) | F18: =CongressionalAnalysis!E34 -> 0.58773157 | G18: =CongressionalAnalysis!E35 -> 0.35255928 | H18: =CongressionalAnalysis!E36 -> 0 | I18: =CongressionalAnalysis!E37 -> 0.059085156 | L18: WA-6 (Tacoma to the Peninsula) | M18: =CongressionalAnalysis!L33 | N18: =CongressionalAnalysis!M34 -> 0.47 | O18: =CongressionalAnalysis!M35 -> -0.61 | P18: =CongressionalAnalysis!M36 -> 0 | Q18: =CongressionalAnalysis!M37 -> 0.14
E19: WA-7 (Seattle) | F19: =CongressionalAnalysis!E39 -> 0 | G19: =CongressionalAnalysis!E40 -> 0.098190928 | H19: =CongressionalAnalysis!E41 -> 0.87829714 | I19: =CongressionalAnalysis!E42 -> 0.019811665 | L19: WA-7 (Seattle) | M19: =CongressionalAnalysis!L38 | N19: =CongressionalAnalysis!M39 -> 0 | O19: =CongressionalAnalysis!M40 -> -0.18 | P19: =CongressionalAnalysis!M41 -> 0.34 | Q19: =CongressionalAnalysis!M42 -> -0.11
E20: WA-8 (Sammamish to Wenatchee) | F20: =CongressionalAnalysis!E44 -> 0.53685309 | G20: =CongressionalAnalysis!E45 -> 0.43633374 | H20: =CongressionalAnalysis!E46 -> 0 | I20: =CongressionalAnalysis!E47 -> 0.024934102 | L20: WA-8 (Sammamish to Wenatchee) | M20: =CongressionalAnalysis!L43 | N20: =CongressionalAnalysis!M44 -> -0.39 | O20: =CongressionalAnalysis!M45 -> 0.36 | P20: =CongressionalAnalysis!M46 -> 0 | Q20: =CongressionalAnalysis!M47 -> 0.02
E21: WA-9 (Bellevue to Federal Way) | F21: =CongressionalAnalysis!E49 -> 0.47131838 | G21: =CongressionalAnalysis!E50 -> 0.21825564 | H21: =CongressionalAnalysis!E51 -> 0.29780269 | I21: =CongressionalAnalysis!E52 -> 0.011155132 | L21: WA-9 (Bellevue to Federal Way) | M21: =CongressionalAnalysis!L48 | N21: =CongressionalAnalysis!M49 -> -0.77 | O21: =CongressionalAnalysis!M50 -> 0.31 | P21: =CongressionalAnalysis!M51 -> 0.56 | Q21: =CongressionalAnalysis!M52 -> -0.06
E22: WA-10 (Olympia to Puyallup) | F22: =CongressionalAnalysis!E54 -> 0.47260169 | G22: =CongressionalAnalysis!E55 -> 0.31395826 | H22: =CongressionalAnalysis!E56 -> 0.19733585 | I22: =CongressionalAnalysis!E57 -> 0.013750465 | L22: WA-10 (Olympia to Puyallup) | M22: =CongressionalAnalysis!L53 | N22: =CongressionalAnalysis!M54 -> -0.71 | O22: =CongressionalAnalysis!M55 -> -0.67 | P22: =CongressionalAnalysis!M56 -> 1.44 | Q22: =CongressionalAnalysis!M57 -> -0.05
E30: Source: https://www.sos.wa.gov/elections/data-research/election-data-and-maps/reports-data-and-statistics/voter-turnout-election
E31: Mid-Cycle Primary Turnout (WA Secretary of State)
E32: 2010
E33: 2014
E34: 2018
E35: 2022
E36: 2026

Sheet KeyRacesTable
B2: Multiparty Bellweather Legislative Races
C3: Candidate | D3: Party | E3: Vote Share
B4: 43rd District Senate, Seattle | C4: Jamie Pedersen | D4: Democratic | E4: =KeyRaces!D100 -> 0.66673652
C5: Hannah Sabio-Howell | D5: Left-wing | E5: =KeyRaces!D101 -> 0.2354821
B6: 37th District Rep #1, Seattle | C6: Sharon Tomiko Santos | D6: Democratic | E6: =KeyRaces!D97 -> 0.47885903
C7: Kelabe Tewolde | D7: Left-wing | E7: =KeyRaces!D98 -> 0.51467584
B8: 6th District Rep #1, Spokane | C8: Four Republicans | D8: Republican | E8: =SUM(KeyRaces!D82,KeyRaces!D83,KeyRaces!D85,KeyRaces!D87) -> 0.57365642
C9: Two Democrats | D9: Democratic | E9: =SUM(KeyRaces!D86,KeyRaces!D84) -> 0.42373068
B10: 6th District Rep #2, Spokane | C10: Jonathan Bingle | D10: Republican | E10: =KeyRaces!D89 -> 0.50566641
C11: Julia Payne | D11: Democratic | E11: =KeyRaces!D90 -> 0.24967466
C12: Aaron M. Croft | D12: Independent | E12: =KeyRaces!D91 -> 0.24265264
B13: 14th District Rep #2, Yakima | C13: Deb Manjarrez | D13: Republican | E13: =KeyRaces!D93 -> 0.51035954
C14: Tony G. Sandoval | D14: Democratic | E14: =KeyRaces!D94 -> 0.18327239
C15: Ezequiel Morfin | D15: Left-wing | E15: =KeyRaces!D95 -> 0.30408288

Sheet StatewideResultsFinal
A1: Race | B1: Candidate | C1: Party | D1: Total Votes | E1: Vote Share
A2: U.S. Representative - Congressional District 1 | B2: Benjamin Kincaid | C2: (Prefers Democratic Party) | D2: 3580 | E2: 0.022295155
A3: U.S. Representative - Congressional District 1 | B3: Suzan DelBene | C3: (Prefers Democratic Party) | D3: 85156 | E3: 0.53032577
A4: U.S. Representative - Congressional District 1 | B4: Bryce Nickel | C4: (Prefers Democratic Party) | D4: 3929 | E4: 0.024468622
A5: U.S. Representative - Congressional District 1 | B5: James Etzkorn | C5: (Prefers Independent Party) | D5: 12023 | E5: 0.074875602
A6: U.S. Representative - Congressional District 1 | B6: Hunter Gordon | C6: (Prefers Democratic Party) | D6: 10014 | E6: 0.062364158
A7: U.S. Representative - Congressional District 1 | B7: Mary Silva | C7: (Prefers Republican Party) | D7: 42088 | E7: 0.26211131
A8: U.S. Representative - Congressional District 1 | B8: Catherine Hildebrand | C8: (Prefers Democratic Party) | D8: 3562 | E8: 0.022183057
A9: U.S. Representative - Congressional District 1 | B9: Write-In | D9: 221 | E9: 0.0013763211
A10: U.S. Representative - Congressional District 2 | B10: Edwin H. Feller | C10: (Prefers Republican Party) | D10: 68713 | E10: 0.32797003
A11: U.S. Representative - Congressional District 2 | B11: Tomas Scheel | C11: (Prefers Democratic Party) | D11: 29133 | E11: 0.13905303
A12: U.S. Representative - Congressional District 2 | B12: Devin Hermanson | C12: (Prefers Democratic Party) | D12: 22775 | E12: 0.10870603
A13: U.S. Representative - Congressional District 2 | B13: Rick Larsen | C13: (Prefers Democratic Party) | D13: 88708 | E13: 0.423407
A14: U.S. Representative - Congressional District 2 | B14: Write-In | D14: 181 | E14: 0.00086392058
A15: U.S. Representative - Congressional District 3 | B15: Marie Gluesenkamp Perez | C15: (Prefers Democratic Party) | D15: 78025 | E15: 0.36376818
A16: U.S. Representative - Congressional District 3 | B16: Brent Hennrich | C16: (Prefers Democratic Party) | D16: 35820 | E16: 0.16700001
A17: U.S. Representative - Congressional District 3 | B17: John P. Roco | C17: (Prefers Republican Party) | D17: 4102 | E17: 0.019124346
A18: U.S. Representative - Congressional District 3 | B18: John Saulie-Rohman | C18: (Prefers Independent Party) | D18: 3549 | E18: 0.016546149
A19: U.S. Representative - Congressional District 3 | B19: Troy Rasband | C19: (Prefers Democratic Party) | D19: 2058 | E19: 0.0095948082
A20: U.S. Representative - Congressional District 3 | B20: John Braun | C20: (Prefers Republican Party) | D20: 85064 | E20: 0.3965854
A21: U.S. Representative - Congressional District 3 | B21: Antony Barran | C21: (Prefers Cascade Party) | D21: 1345 | E21: 0.0062706594
A22: U.S. Representative - Congressional District 3 | B22: Austin Braswell | C22: (Prefers Democratic Party) | D22: 1656 | E22: 0.0077206037
A23: U.S. Representative - Congressional District 3 | B23: Lawrence Kellogg | C23: (Prefers Republican Party) | D23: 2727 | E23: 0.01271382
A24: U.S. Representative - Congressional District 3 | B24: Write-in | D24: 145 | E24: 0.00067601904
A25: U.S. Representative - Congressional District 4 | B25: Jacek "Jack" Kobiesa | C25: (States No Party Preference) | D25: 2214 | E25: 0.015519308
A26: U.S. Representative - Congressional District 4 | B26: Amanda McKinney | C26: (Prefers Republican Party) | D26: 49652 | E26: 0.34804186
A27: U.S. Representative - Congressional District 4 | B27: John Duresky | C27: (Prefers Democratic Party) | D27: 42681 | E27: 0.29917777
A28: U.S. Representative - Congressional District 4 | B28: John C. Hughs | C28: (Prefers Republican Party) | D28: 1695 | E28: 0.011881313
A29: U.S. Representative - Congressional District 4 | B29: Favian Valencia | C29: (Prefers Independent Party) | D29: 5776 | E29: 0.040487589
A30: U.S. Representative - Congressional District 4 | B30: Jerrod Sessler | C30: (Prefers Republican Party) | D30: 20808 | E30: 0.14585626
A31: U.S. Representative - Congressional District 4 | B31: Devin Poore | C31: (Prefers Cascade Party) | D31: 1956 | E31: 0.013710825
A32: U.S. Representative - Congressional District 4 | B32: Ken Vaz | C32: (Prefers Republican Party) | D32: 477 | E32: 0.0033435908
A33: U.S. Representative - Congressional District 4 | B33: Zac Rossi | C33: (States No Party Preference) | D33: 879 | E33: 0.0061614597
A34: U.S. Representative - Congressional District 4 | B34: Elpidia Saavedra | C34: (Prefers Republican Party) | D34: 1393 | E34: 0.0097644065
A35: U.S. Representative - Congressional District 4 | B35: Matt Boehnke | C35: (Prefers Republican Party) | D35: 15013 | E35: 0.10523549
A36: U.S. Representative - Congressional District 4 | B36: Write-In | D36: 117 | E36: 0.00082012603
A37: U.S. Representative - Congressional District 5 | B37: Nate Powell | C37: (Prefers Independent Party) | D37: 33443 | E37: 0.16376849
A38: U.S. Representative - Congressional District 5 | B38: Carmela Conroy | C38: (Prefers Democratic Party) | D38: 38487 | E38: 0.18846868
A39: U.S. Representative - Congressional District 5 | B39: Matthew Hayes | C39: (Prefers Independent Party) | D39: 2417 | E39: 0.011835913
A40: U.S. Representative - Congressional District 5 | B40: Bajun R. Mavalwalla | C40: (Prefers Democratic Party) | D40: 6482 | E40: 0.03174199
A41: U.S. Representative - Congressional District 5 | B41: Michael McGarr | C41: (Prefers Democratic Party) | D41: 1152 | E41: 0.0056412793
A42: U.S. Representative - Congressional District 5 | B42: Kevin Fagan | C42: (Prefers Democratic Party) | D42: 9048 | E42: 0.044307548
A43: U.S. Representative - Congressional District 5 | B43: Michael Baumgartner | C43: (Prefers Republican Party) | D43: 96791 | E43: 0.47398009
A44: U.S. Representative - Congressional District 5 | B44: Kyle Usrey | C44: (Prefers Independent Party) | D44: 2274 | E44: 0.01113565
A45: U.S. Representative - Congressional District 5 | B45: Andrew Bartleson | C45: (Prefers Independent Party) | D45: 915 | E45: 0.0044807036
A46: U.S. Representative - Congressional District 5 | B46: Ann Marie Danimus | C46: (Prefers Independent Party) | D46: 2920 | E46: 0.014299076
A47: U.S. Representative - Congressional District 5 | B47: Richard Freudenberg | C47: (Prefers Democratic Party) | D47: 2866 | E47: 0.014034641
A48: U.S. Representative - Congressional District 5 | B48: David Womack | C48: (Prefers Democratic Party) | D48: 7242 | E48: 0.035463667
A49: U.S. Representative - Congressional District 5 | B49: Write-in | D49: 172 | E49: 0.00084227434
A50: U.S. Representative - Congressional District 6 | B50: Emily Randall | C50: (Prefers Democratic Party) | D50: 132805 | E50: 0.58773157
A51: U.S. Representative - Congressional District 6 | B51: Brian P. O'Gorman | C51: (Prefers Independent Party) | D51: 7307 | E51: 0.032337296
A52: U.S. Representative - Congressional District 6 | B52: Teresa Fox | C52: (Prefers Republican Party) | D52: 57700 | E52: 0.25535267
A53: U.S. Representative - Congressional District 6 | B53: Macy Jones | C53: (States No Party Preference) | D53: 6044 | E53: 0.02674786
A54: U.S. Representative - Congressional District 6 | B54: Leon Lawson | C54: (Prefers Trump Republican Party) | D54: 21965 | E54: 0.09720661
A55: U.S. Representative - Congressional District 6 | B55: Write-In | D55: 141 | E55: 0.00062399873
A56: U.S. Representative - Congressional District 7 | B56: David W. Blomstrom | C56: (Prefers Fifth Republic Party) | D56: 4294 | E56: 0.019811665
A57: U.S. Representative - Congressional District 7 | B57: Pramila Jayapal | C57: (Prefers Democratic Party) | D57: 182844 | E57: 0.84360596
A58: U.S. Representative - Congressional District 7 | B58: Nirav Sheth | C58: (Prefers Republican Party) | D58: 21282 | E58: 0.098190928
A59: U.S. Representative - Congressional District 7 | B59: Gwen Kirkland | C59: (Prefers Democratic Party) | D59: 7519 | E59: 0.034691175
A60: U.S. Representative - Congressional District 7 | B60: Write-in | D60: 802 | E60: 0.003700269
A61: U.S. Representative - Congressional District 8 | B61: Kim Schrier | C61: (Prefers Democratic Party) | D61: 102853 | E61: 0.53685309
A62: U.S. Representative - Congressional District 8 | B62: Trinh Ha | C62: (Prefers Republican Party) | D62: 28340 | E62: 0.1479239
A63: U.S. Representative - Congressional District 8 | B63: Spencer Meline | C63: (Prefers Republican Party) | D63: 30324 | E63: 0.15827961
A64: U.S. Representative - Congressional District 8 | B64: Keith Arnold | C64: (Prefers Democratic Party) | D64: 4777 | E64: 0.024934102
A65: U.S. Representative - Congressional District 8 | B65: Andres Valleza | C65: (Prefers Republican Party) | D65: 4549 | E65: 0.02374403
A66: U.S. Representative - Congressional District 8 | B66: Bob Hagglund | C66: (Prefers Republican Party) | D66: 20382 | E66: 0.1063862
A67: U.S. Representative - Congressional District 8 | B67: Write-in | D67: 360 | E67: 0.0018790615
A68: U.S. Representative - Congressional District 9 | B68: Jacob Perasso | C68: (Prefers Socialist Workers Party) | D68: 1588 | E68: 0.011155132
A69: U.S. Representative - Congressional District 9 | B69: Kshama Sawant | C69: (Prefers Independent Party) | D69: 24583 | E69: 0.17268679
A70: U.S. Representative - Congressional District 9 | B70: Melissa Chaudhry | C70: (Prefers Democratic Party) | D70: 17811 | E70: 0.12511591
A71: U.S. Representative - Congressional District 9 | B71: Doug Basler | C71: (Prefers Republican Party) | D71: 31070 | E71: 0.21825564
A72: U.S. Representative - Congressional District 9 | B72: Adam Smith | C72: (Prefers Democratic Party) | D72: 67095 | E72: 0.47131838
A73: U.S. Representative - Congressional District 9 | B73: Write-in | D73: 209 | E73: 0.0014681503
A74: U.S. Representative - Congressional District 10 | B74: Adam Arafat | C74: (Prefers Democratic Party) | D74: 14695 | E74: 0.094245841
A75: U.S. Representative - Congressional District 10 | B75: Marilyn Strickland | C75: (Prefers Democratic Party) | D75: 73689 | E75: 0.47260169
A76: U.S. Representative - Congressional District 10 | B76: Kurtis Engle | C76: (Prefers Union Party) | D76: 713 | E76: 0.0045727992
A77: U.S. Representative - Congressional District 10 | B77: Alex Scheel | C77: (Prefers Democratic Party) | D77: 16074 | E77: 0.10309001
A78: U.S. Representative - Congressional District 10 | B78: Derek Maynes | C78: (States No Party Preference) | D78: 1431 | E78: 0.0091776658
A79: U.S. Representative - Congressional District 10 | B79: Chris D. Chung | C79: (Prefers Republican Party) | D79: 48953 | E79: 0.31395826
A80: U.S. Representative - Congressional District 10 | B80: Write-In | D80: 367 | E80: 0.002353741
A81: State Senator - Legislative District 6 | B81: Jeff Holy | C81: (Prefers Republican Party) | D81: 24422 | E81: 0.91588224
A82: State Senator - Legislative District 6 | B82: Write-In | D82: 2243 | E82: 0.084117757
A83: State Senator - Legislative District 7 | B83: Shelly Short | C83: (Prefers Republican Party) | D83: 24089 | E83: 0.58394744
A84: State Senator - Legislative District 7 | B84: Ronald L McCoy | C84: (Prefers Independent Party) | D84: 11061 | E84: 0.26813245
A85: State Senator - Legislative District 7 | B85: Brandon Ray Medina | C85: (Prefers Republican Party) | D85: 3489 | E85: 0.084577717
A86: State Senator - Legislative District 7 | B86: David Swoap | C86: (Prefers Republican Party) | D86: 2341 | E86: 0.056748764
A87: State Senator - Legislative District 7 | B87: Write-in | D87: 272 | E87: 0.0065936197
A88: State Senator - Legislative District 8 | B88: Gabe Galbraith | C88: (Prefers Republican Party) | D88: 14297 | E88: 0.46309073
A89: State Senator - Legislative District 8 | B89: Nikki Torres | C89: (Prefers Republican Party) | D89: 16065 | E89: 0.52035759
A90: State Senator - Legislative District 8 | B90: Write-In | D90: 511 | E90: 0.016551679
A91: State Senator - Legislative District 13 | B91: Alex Ybarra | C91: (Prefers Republican Party) | D91: 23489 | E91: 0.97246833
A92: State Senator - Legislative District 13 | B92: Write-In | D92: 665 | E92: 0.027531672
A93: State Senator - Legislative District 15 | B93: Jeremie Dufault | C93: (Prefers Republican Party) | D93: 23718 | E93: 0.95310428
A94: State Senator - Legislative District 15 | B94: Write-In | D94: 1167 | E94: 0.04689572
A95: State Senator - Legislative District 21 | B95: Marko Liias | C95: (Prefers Democratic Party) | D95: 23290 | E95: 0.72053955
A96: State Senator - Legislative District 21 | B96: Riaz Khan | C96: (Prefers Republican Party) | D96: 8873 | E96: 0.27451041
A97: State Senator - Legislative District 21 | B97: Write-In | D97: 160 | E97: 0.0049500356
A98: State Senator - Legislative District 26 | B98: Deborah Krishnadasan | C98: (Prefers Democratic Party) | D98: 28575 | E98: 0.56091002
A99: State Senator - Legislative District 26 | B99: Gary Parker | C99: (Prefers Republican Party) | D99: 22328 | E99: 0.43828518
A100: State Senator - Legislative District 26 | B100: Write-In | D100: 41 | E100: 0.00080480528
...

Sheet LegislativeAnalysis
A1: Race | B1: Total Votes Cast
A2: U.S. Representative - Congressional District 7 | B2: 220529 | G2: AS OF AUGUST 13th
A3: U.S. Representative - Congressional District 3 | B3: 215930 | G3: Votes Cast (LD Representative) | H3: Average votes per district
A4: U.S. Representative - Congressional District 6 | B4: 212516 | F4: WA 1 | G4: =StatewideResults_Aug13!I2 -> 162698 | H4: =AVERAGE(G4:G13) -> 185384.8
A5: U.S. Representative - Congressional District 2 | B5: 212089 | F5: WA 2 | G5: =StatewideResults_Aug13!I3 -> 212089
A6: U.S. Representative - Congressional District 8 | B6: 193951 | F6: WA 3 | G6: =StatewideResults_Aug13!I4 -> 215930
A7: U.S. Representative - Congressional District 5 | B7: 189719 | F7: WA 4 | G7: =StatewideResults_Aug13!I5 -> 145177
A8: U.S. Representative - Congressional District 1 | B8: 162698 | F8: WA 5 | G8: =StatewideResults_Aug13!I6 -> 189719
A9: U.S. Representative - Congressional District 10 | B9: 157691 | F9: WA 6 | G9: =StatewideResults_Aug13!I7 -> 212516
A10: U.S. Representative - Congressional District 4 | B10: 145177 | F10: WA 7 | G10: =StatewideResults_Aug13!I8 -> 220529
A11: U.S. Representative - Congressional District 9 | B11: 143548 | F11: WA 8 | G11: =StatewideResults_Aug13!I9 -> 193951
A12: State Senator - Legislative District 26 | B12: 51269 | F12: WA 9 | G12: =StatewideResults_Aug13!I10 -> 143548
A13: State Representative Pos. 1 - Legislative District 26 | B13: 51269 | F13: WA 10 | G13: =StatewideResults_Aug13!I11 -> 157691
A14: State Representative Pos. 2 - Legislative District 26 | B14: 51269 | F14: LD 1 | G14: =StatewideResults_Aug13!I36 -> 40105 | H14: =AVERAGE(G14:G62) -> 37833.633
A15: State Senator - Legislative District 35 | B15: 50910 | F15: LD 2 | G15: =StatewideResults_Aug13!I38 -> 32256
A16: State Representative Pos. 1 - Legislative District 35 | B16: 50910 | F16: LD 3 | G16: =StatewideResults_Aug13!I40 -> 42906
A17: State Representative Pos. 2 - Legislative District 35 | B17: 50910 | F17: LD 4 | G17: =StatewideResults_Aug13!I42 -> 42929
A18: State Senator - Legislative District 42 | B18: 50320 | F18: LD 5 | G18: =StatewideResults_Aug13!I44 -> 41818
A19: State Representative Pos. 1 - Legislative District 42 | B19: 50320 | F19: LD 6 | G19: =StatewideResults_Aug13!I46 -> 37834
A20: State Representative Pos. 2 - Legislative District 42 | B20: 50320 | F20: LD 7 | G20: =StatewideResults_Aug13!I48 -> 43719
A21: State Senator - Legislative District 36 | B21: 49797 | F21: LD 8 | G21: =StatewideResults_Aug13!I50 -> 34538
A22: State Representative Pos. 1 - Legislative District 36 | B22: 49797 | F22: LD 9 | G22: =StatewideResults_Aug13!I52 -> 42925
A23: State Representative Pos. 2 - Legislative District 36 | B23: 49797 | F23: LD 10 | G23: =StatewideResults_Aug13!I54 -> 49005
A24: State Representative Pos. 1 - Legislative District 10 | B24: 49005 | F24: LD 11 | G24: =StatewideResults_Aug13!I56 -> 26427
A25: State Representative Pos. 2 - Legislative District 10 | B25: 49005 | F25: LD 12 | G25: =StatewideResults_Aug13!I58 -> 45047
A26: State Representative Pos. 1 - Legislative District 20 | B26: 48776 | F26: LD 13 | G26: =StatewideResults_Aug13!I60 -> 31808
A27: State Representative Pos. 2 - Legislative District 20 | B27: 48776 | F27: LD 14 | G27: =StatewideResults_Aug13!I62 -> 13571
A28: State Representative Pos. 1 - Legislative District 23 | B28: 48430 | F28: LD 15 | G28: =StatewideResults_Aug13!I64 -> 32294
A29: State Representative Pos. 2 - Legislative District 23 | B29: 48430 | F29: LD 16 | G29: =StatewideResults_Aug13!I66 -> 19785
A30: State Representative Pos. 1 - Legislative District 40 | B30: 48106 | F30: LD 17 | G30: =StatewideResults_Aug13!I68 -> 47902
A31: State Representative Pos. 2 - Legislative District 40 | B31: 48106 | F31: LD 18 | G31: =StatewideResults_Aug13!I70 -> 44491
A32: State Representative Pos. 1 - Legislative District 17 | B32: 47902 | F32: LD 19 | G32: =StatewideResults_Aug13!I72 -> 44163
A33: State Representative Pos. 2 - Legislative District 17 | B33: 47902 | F33: LD 20 | G33: =StatewideResults_Aug13!I74 -> 48776
A34: State Representative Pos. 1 - Legislative District 22 | B34: 47074 | F34: LD 21 | G34: =StatewideResults_Aug13!I76 -> 33148
A35: State Representative Pos. 2 - Legislative District 22 | B35: 47074 | F35: LD 22 | G35: =StatewideResults_Aug13!I78 -> 47074
A36: State Senator - Legislative District 46 | B36: 46587 | F36: LD 23 | G36: =StatewideResults_Aug13!I80 -> 48430
A37: State Representative Pos. 1 - Legislative District 46 | B37: 46587 | F37: LD 24 | G37: =StatewideResults_Aug13!I82 -> 39189
A38: State Representative Pos. 2 - Legislative District 46 | B38: 46587 | F38: LD 25 | G38: =StatewideResults_Aug13!I84 -> 29103
A39: State Representative Pos. 1 - Legislative District 12 | B39: 45047 | F39: LD 26 | G39: =StatewideResults_Aug13!I86 -> 51269
A40: State Representative Pos. 2 - Legislative District 12 | B40: 45047 | F40: LD 27 | G40: =StatewideResults_Aug13!I88 -> 34620
A41: State Representative Pos. 1 - Legislative District 18 | B41: 44491 | F41: LD 28 | G41: =StatewideResults_Aug13!I90 -> 25539
A42: State Representative Pos. 2 - Legislative District 18 | B42: 44491 | F42: LD 29 | G42: =StatewideResults_Aug13!I92 -> 19275
A43: State Representative Pos. 1 - Legislative District 19 | B43: 44163 | F43: LD 30 | G43: =StatewideResults_Aug13!I94 -> 23683
A44: State Representative Pos. 2 - Legislative District 19 | B44: 44163 | F44: LD 31 | G44: =StatewideResults_Aug13!I96 -> 34482
A45: State Senator - Legislative District 34 | B45: 44084 | F45: LD 32 | G45: =StatewideResults_Aug13!I98 -> 41147
A46: State Representative Pos. 1 - Legislative District 34 | B46: 44084 | F46: LD 33 | G46: =StatewideResults_Aug13!I100 -> 26352
A47: State Representative Pos. 2 - Legislative District 34 | B47: 44084 | F47: LD 34 | G47: =StatewideResults_Aug13!I102 -> 44084
A48: State Senator - Legislative District 7 | B48: 43719 | F48: LD 35 | G48: =StatewideResults_Aug13!I104 -> 50910
A49: State Representative Pos. 1 - Legislative District 7 | B49: 43719 | F49: LD 36 | G49: =StatewideResults_Aug13!I106 -> 49797
A50: State Representative Pos. 2 - Legislative District 7 | B50: 43719 | F50: LD 37 | G50: =StatewideResults_Aug13!I108 -> 40819
A51: State Representative Pos. 1 - Legislative District 4 | B51: 42929 | F51: LD 38 | G51: =StatewideResults_Aug13!I110 -> 28627
A52: State Representative Pos. 2 - Legislative District 4 | B52: 42929 | F52: LD 39 | G52: =StatewideResults_Aug13!I112 -> 37332
A53: State Representative Pos. 1 - Legislative District 9 | B53: 42925 | F53: LD 40 | G53: =StatewideResults_Aug13!I114 -> 48106
A54: State Representative Pos. 2 - Legislative District 9 | B54: 42925 | F54: LD 41 | G54: =StatewideResults_Aug13!I116 -> 37512
A55: State Representative Pos. 1 - Legislative District 3 | B55: 42906 | F55: LD 42 | G55: =StatewideResults_Aug13!I118 -> 50320
A56: State Representative Pos. 2 - Legislative District 3 | B56: 42906 | F56: LD 43 | G56: =StatewideResults_Aug13!I120 -> 39025
A57: State Representative Pos. 1 - Legislative District 5 | B57: 41818 | F57: LD 44 | G57: =StatewideResults_Aug13!I122 -> 36621
A58: State Representative Pos. 2 - Legislative District 5 | B58: 41818 | F58: LD 45 | G58: =StatewideResults_Aug13!I124 -> 37735
A59: State Senator - Legislative District 32 | B59: 41147 | F59: LD 46 | G59: =StatewideResults_Aug13!I126 -> 46587
A60: State Representative Pos. 1 - Legislative District 32 | B60: 41147 | F60: LD 47 | G60: =StatewideResults_Aug13!I128 -> 29599
A61: State Representative Pos. 2 - Legislative District 32 | B61: 41147 | F61: LD 48 | G61: =StatewideResults_Aug13!I130 -> 26711
A62: State Senator - Legislative District 37 | B62: 40819 | F62: LD 49 | G62: =StatewideResults_Aug13!I132 -> 34453
A63: State Representative Pos. 1 - Legislative District 37 | B63: 40819
A64: State Representative Pos. 2 - Legislative District 37 | B64: 40819
A65: State Representative Pos. 1 - Legislative District 1 | B65: 40105
A66: State Representative Pos. 2 - Legislative District 1 | B66: 40105
A67: State Representative Pos. 1 - Legislative District 24 | B67: 39189
A68: State Representative Pos. 2 - Legislative District 24 | B68: 39189
A69: State Senator - Legislative District 43 | B69: 39025
A70: State Representative Pos. 1 - Legislative District 43 | B70: 39025
A71: State Representative Pos. 2 - Legislative District 43 | B71: 39025
A72: State Senator - Legislative District 6 | B72: 37834
A73: State Representative Pos. 1 - Legislative District 6 | B73: 37834
A74: State Representative Pos. 2 - Legislative District 6 | B74: 37834
... A133: State Representative Pos. 2 - Legislative District 14 | B133: 13571

Sheet CongressionalAnalysis
D1: Latest Vote Total (expected total 1.9M ballots) | E1: Latest Vote Share | F1: Day1_Votes_Aug4 | G1: Day1_VoteShare_Pct | H1: Change from Day 1 Count | I1: Share of Post Day 1 Votes Counted | J1: Change from Day 1 Share | K1: Day2_CumulVotes | L1: Day2_CumulVoteShare_Pct | M1: Day2_ShareChange | N1: Day2_VoteChange | O1: Day2_VoteShare_Pct | P1: Day3_CumulVotes | Q1: Day3_CumulVoteShare_Pct | R1: Day3_ShareChange | S1: Day3_VoteChange | T1: Day3_VoteShare_Pct | U1: Day4_CumulVotes | V1: Day4_CumulVoteShare_Pct | W1: Day4_ShareChange | X1: Day4_VoteChange | Y1: Day4_VoteShare_Pct | Z1: Day5_CumulVotes | AA1: Day5_CumulVoteShare_Pct | AB1: Day5_TotalChange | AC1: Day5_VoteChange | AD1: Day5_VoteShare_Pct | AE1: Day6_CumulVotes | AF1: Day6_CumulVoteShare_Pct | AG1: Day6_TotalChange | AH1: Day6_VoteChange | AI1: Day6_VoteShare_Pct | AJ1: Final_CumulVotes | AK1: Final_CumulVoteShare_Pct | AL1: Final_TotalChange | AM1: Final_VoteChange | AN1: Final_VoteShare_Pct
B2: Total | C2: Total Ballots | D2: =AJ2 -> 1861055 | F2: =SUM(F8,F13,F18,F23,F28,F33,F38,F43,F48,F53) -> 1029284 | H2: =D2-F2 -> 831771 | K2: =SUM(K8,K13,K18,K23,K28,K33,K38,K43,K48,K53) -> 1259898 | N2: =SUM(N8,N13,N18,N23,N28,N33,N38,N43,N48,N53) -> 230614 | P2: =SUM(P8,P13,P18,P23,P28,P33,P38,P43,P48,P53) -> 1514585 | S2: =SUM(S8,S13,S18,S23,S28,S33,S38,S43,S48,S53) -> 254687 | T2: =SUM(T8,T13,T18,T23,T28,T33,T38,T43,T48,T53) -> 0 | U2: =SUM(U8,U13,U18,U23,U28,U33,U38,U43,U48,U53) -> 1688871 | V2: =SUM(V8,V13,V18,V23,V28,V33,V38,V43,V48,V53) -> 0 | W2: =SUM(W8,W13,W18,W23,W28,W33,W38,W43,W48,W53) -> 0 | X2: =SUM(X8,X13,X18,X23,X28,X33,X38,X43,X48,X53) -> 174286 | Y2: =SUM(Y8,Y13,Y18,Y23,Y28,Y33,Y38,Y43,Y48,Y53) -> 0 | Z2: =SUM(Z8,Z13,Z18,Z23,Z28,Z33,Z38,Z43,Z48,Z53) -> 1804194 | ... AN2: =SUM(AN8,AN13,AN18,AN23,AN28,AN33,AN38,AN43,AN48,AN53) -> 0
C3: Democratic | D3: =AJ3 -> 734535 | E3: =AK3 -> 0.39463653 | F3: =SUM(F9,F14,F19,F24,F29,F34,F39,F44,F49,F54) -> 432043 | G3: =F3/(SUM(F$3:F$6)) -> 0.41965438 | H3: =D3-F3 -> 302492 | I3: =H3/SUM(H3:H6) -> 0.3636709 | J3: =I3-G3 -> -0.055983482 | K3: =SUM(K9,K14,K19,K24,K29,K34,K39,K44,K49,K54) -> 520445 | L3: =K3/(SUM(K$3:K$6)) -> 0.41432086 | M3: =(L3-$G3)*100 -> -0.5333527 | N3: =SUM(N9,N14,N19,N24,N29,N34,N39,N44,N49,N54) -> 88402 | O3: =N3/(SUM(N$3:N$6)) -> 0.39009086 | P3: =SUM(P9,P14,P19,P24,P29,P34,P39,P44,P49,P54) -> 615693 | Q3: =P3/(SUM(P$3:P$6)) -> 0.40741804 | R3: =(Q3-$G3)*100 -> -1.2236339 | S3: =SUM(S9,S14,S19,S24,S29,S34,S39,S44,S49,S54) -> 95248 | T3: =S3/(SUM(S$3:S$6)) -> 0.37342345 | U3: =SUM(U9,U14,U19,U24,U29,U34,U39,U44,U49,U54) -> 675820 | V3: =U3/(SUM(U$3:U$6)) -> 0.40099254 | W3: =(V3-$G3)*100 -> -1.866184 | X3: =SUM(X9,X14,X19,X24,X29,X34,X39,X44,X49,X54) -> 60127 | Y3: =X3/(SUM(X$3:X$6)) -> 0.34523803 | Z3: =SUM(Z9,Z14,Z19,Z24,Z29,Z34,Z39,Z44,Z49,Z54) -> 713769 | AA3: =Z3/(SUM(Z$3:Z$6)) -> 0.39646455 | AB3: =(AA3-$G3)*100 -> -2.3189836 | AC3: =SUM(AC9,AC14,AC19,AC24,AC29,AC34,AC39,AC44,AC49,AC54) -> 37949 | AD3: =AC3/(SUM(AC$3:AC$6)) -> 0.33008602 | AE3: =SUM(AE9,AE14,AE19,AE24,AE29,AE34,AE39,AE44,AE49,AE54) -> 723520 | AF3: =AE3/(SUM(AE$3:AE$6)) -> 0.3957569 | AG3: =(AF3-$G3)*100 -> -2.389748 | AH3: =SUM(AH9,AH14,AH19,AH24,AH29,AH34,AH39,AH44,AH49,AH54) -> 9751 | AI3: =AH3/(SUM(AH$3:AH$6)) -> 0.35002513 | AJ3: =SUM(AJ9,AJ14,AJ19,AJ24,AJ29,AJ34,AJ39,AJ44,AJ49,AJ54) -> 734535 | AK3: =AJ3/(SUM(AJ$3:AJ$6)) -> 0.39463653 | AL3: =(AK3-$G3)*100 -> -2.5017853 | AM3: =SUM(AM9,AM14,AM19,AM24,AM29,AM34,AM39,AM44,AM49,AM54) -> 11015 | AN3: =AM3/(SUM(AM$3:AM$6)) -> 0.33275935
C4: Republican | D4: =AJ4 -> 653967 | E4: =AK4 -> 0.35135054 | F4: =SUM(F10,F15,F20,F25,F30,F35,F40,F45,F50,F55) -> 370306 | G4: =F4/(SUM(F$3:F$6)) -> 0.35968766 | H4: =D4-F4 -> 283661 | I4: =H4/SUM(H3:H6) -> 0.34103134 | J4: =I4-G4 -> -0.018656323 | K4: =SUM(K10,K15,K20,K25,K30,K35,K40,K45,K50,K55) -> 448976 | L4: =K4/(SUM(K$3:K$6)) -> 0.35742513 | M4: =(L4-G4)*100 -> -0.22625328 | N4: =SUM(N10,N15,N20,N25,N30,N35,N40,N45,N50,N55) -> 78670 | O4: =N4/(SUM(N$3:N$6)) -> 0.34714653 | P4: =SUM(P10,P15,P20,P25,P30,P35,P40,P45,P50,P55) -> 530129 | Q4: =P4/(SUM(P$3:P$6)) -> 0.3507984 | R4: =(Q4-$G4)*100 -> -0.8889259 | S4: =SUM(S10,S15,S20,S25,S30,S35,S40,S45,S50,S55) -> 81153 | T4: =S4/(SUM(S$3:S$6)) -> 0.31816346 | U4: =SUM(U10,U15,U20,U25,U30,U35,U40,U45,U50,U55) -> 585282 | V4: =U4/(SUM(U$3:U$6)) -> 0.34727252 | W4: =(V4-$G4)*100 -> -1.2415136 | X4: =SUM(X10,X15,X20,X25,X30,X35,X40,X45,X50,X55) -> 55153 | Y4: =X4/(SUM(X$3:X$6)) -> 0.31667825 | Z4: =SUM(Z10,Z15,Z20,Z25,Z30,Z35,Z40,Z45,Z50,Z55) -> 626285 | AA4: =Z4/(SUM(Z$3:Z$6)) -> 0.34787137 | AB4: =(AA4-$G4)*100 -> -1.1816292 | AC4: =SUM(AC10,AC15,AC20,AC25,AC30,AC35,AC40,AC45,AC50,AC55) -> 41003 | AD4: =AC4/(SUM(AC$3:AC$6)) -> 0.35665017 | AE4: =SUM(AE10,AE15,AE20,AE25,AE30,AE35,AE40,AE45,AE50,AE55) -> 639934 | AF4: =AE4/(SUM(AE$3:AE$6)) -> 0.35003635 | AG4: =(AF4-$G4)*100 -> -0.96513132 | AH4: =SUM(AH10,AH15,AH20,AH25,AH30,AH35,AH40,AH45,AH50,AH55) -> 13649 | AI4: =AH4/(SUM(AH$3:AH$6)) -> 0.48994903 | AJ4: =SUM(AJ10,AJ15,AJ20,AJ25,AJ30,AJ35,AJ40,AJ45,AJ50,AJ55) -> 653967 | AK4: =AJ4/(SUM(AJ$3:AJ$6)) -> 0.35135054 | AL4: =(AK4-$G4)*100 -> -0.83371224 | AM4: =SUM(AM10,AM15,AM20,AM25,AM30,AM35,AM40,AM45,AM50,AM55) -> 14033 | AN4: =AM4/(SUM(AM$3:AM$6)) -> 0.42393209
C5: DSA | D5: =AJ5 -> 377807 | E5: =AK5 -> 0.20298072 | F5: =SUM(F11,F16,F21,F26,F31,F36,F41,F46,F51,F56) -> 178464 | G5: =F5/(SUM(F$3:F$6)) -> 0.17334663 | H5: =D5-F5 -> 199343 | I5: =H5/SUM(H3:H6) -> 0.23966005 | J5: =I5-G5 -> 0.066313418 | K5: =SUM(K11,K16,K21,K26,K31,K36,K41,K46,K51,K56) -> 228954 | L5: =K5/(SUM(K$3:K$6)) -> 0.1822679 | M5: =(L5-G5)*100 -> 0.89212661 | N5: =SUM(N11,N16,N21,N26,N31,N36,N41,N46,N51,N56) -> 50490 | O5: =N5/(SUM(N$3:N$6)) -> 0.22279685 | P5: =SUM(P11,P16,P21,P26,P31,P36,P41,P46,P51,P56) -> 294948 | Q5: =P5/(SUM(P$3:P$6)) -> 0.19517379 | R5: =(Q5-$G5)*100 -> 2.1827158 | S5: =SUM(S11,S16,S21,S26,S31,S36,S41,S46,S51,S56) -> 65994 | T5: =S5/(SUM(S$3:S$6)) -> 0.25873202 | U5: =SUM(U11,U16,U21,U26,U31,U36,U41,U46,U51,U56) -> 346289 | V5: =U5/(SUM(U$3:U$6)) -> 0.20546789 | W5: =(V5-$G5)*100 -> 3.2121252 | X5: =SUM(X11,X16,X21,X26,X31,X36,X41,X46,X51,X56) -> 51341 | Y5: =X5/(SUM(X$3:X$6)) -> 0.29479045 | Z5: =SUM(Z11,Z16,Z21,Z26,Z31,Z36,Z41,Z46,Z51,Z56) -> 371043 | AA5: =Z5/(SUM(Z$3:Z$6)) -> 0.20609664 | AB5: =(AA5-$G5)*100 -> 3.2750009 | AC5: =SUM(AC11,AC16,AC21,AC26,AC31,AC36,AC41,AC46,AC51,AC56) -> 24754 | AD5: =AC5/(SUM(AC$3:AC$6)) -> 0.21531396 | AE5: =SUM(AE11,AE16,AE21,AE26,AE31,AE36,AE41,AE46,AE51,AE56) -> 372949 | AF5: =AE5/(SUM(AE$3:AE$6)) -> 0.2039987 | AG5: =(AF5-$G5)*100 -> 3.0652069 | AH5: =SUM(AH11,AH16,AH21,AH26,AH31,AH36,AH41,AH46,AH51,AH56) -> 1906 | AI5: =AH5/(SUM(AH$3:AH$6)) -> 0.068418408 | AJ5: =SUM(AJ11,AJ16,AJ21,AJ26,AJ31,AJ36,AJ41,AJ46,AJ51,AJ56) -> 377807 | AK5: =AJ5/(SUM(AJ$3:AJ$6)) -> 0.20298072 | AL5: =(AK5-$G5)*100 -> 2.9634086 | AM5: =SUM(AM11,AM16,AM21,AM26,AM31,AM36,AM41,AM46,AM51,AM56) -> 4858 | AN5: =AM5/(SUM(AM$3:AM$6)) -> 0.1467585
C6: Independent | D6: =AJ6 -> 94986 | E6: =AK6 -> 0.051032211 | F6: =SUM(F12,F17,F22,F27,F32,F37,F42,F47,F52,F57) -> 48708 | G6: =F6/(SUM(F$3:F$6)) -> 0.047311322 | H6: =D6-F6 -> 46278 | I6: =H6/SUM(H3:H6) -> 0.055637709 | J6: =I6-G6 -> 0.0083263868 | K6: =SUM(K12,K17,K22,K27,K32,K37,K42,K47,K52,K57) -> 57765 | L6: =K6/(SUM(K$3:K$6)) -> 0.045986116 | M6: =(L6-G6)*100 -> -0.13252063 | N6: =SUM(N12,N17,N22,N27,N32,N37,N42,N47,N52,N57) -> 9057 | O6: =N6/(SUM(N$3:N$6)) -> 0.039965758 | P6: =SUM(P12,P17,P22,P27,P32,P37,P42,P47,P52,P57) -> 70437 | Q6: =P6/(SUM(P$3:P$6)) -> 0.046609763 | R6: =(Q6-$G6)*100 -> -0.070155953 | S6: =SUM(S12,S17,S22,S27,S32,S37,S42,S47,S52,S57) -> 12672 | T6: =S6/(SUM(S$3:S$6)) -> 0.049681064 | U6: =SUM(U12,U17,U22,U27,U32,U37,U42,U47,U52,U57) -> 77977 | V6: =U6/(SUM(U$3:U$6)) -> 0.046267047 | W6: =(V6-$G6)*100 -> -0.10442757 | X6: =SUM(X12,X17,X22,X27,X32,X37,X42,X47,X52,X57) -> 7540 | Y6: =X6/(SUM(X$3:X$6)) -> 0.043293275 | Z6: =SUM(Z12,Z17,Z22,Z27,Z32,Z37,Z42,Z47,Z52,Z57) -> 89238 | AA6: =Z6/(SUM(Z$3:Z$6)) -> 0.049567442 | AB6: =(AA6-$G6)*100 -> 0.22561192 | AC6: =SUM(AC12,AC17,AC22,AC27,AC32,AC37,AC42,AC47,AC52,AC57) -> 11261 | AD6: =AC6/(SUM(AC$3:AC$6)) -> 0.097949846 | AE6: =SUM(AE12,AE17,AE22,AE27,AE32,AE37,AE42,AE47,AE52,AE57) -> 91790 | AF6: =AE6/(SUM(AE$3:AE$6)) -> 0.050208047 | AG6: =(AF6-$G6)*100 -> 0.28967245 | AH6: =SUM(AH12,AH17,AH22,AH27,AH32,AH37,AH42,AH47,AH52,AH57) -> 2552 | AI6: =AH6/(SUM(AH$3:AH$6)) -> 0.091607438 | AJ6: =SUM(AJ12,AJ17,AJ22,AJ27,AJ32,AJ37,AJ42,AJ47,AJ52,AJ57) -> 94986 | AK6: =AJ6/(SUM(AJ$3:AJ$6)) -> 0.051032211 | AL6: =(AK6-$G6)*100 -> 0.3720889 | AM6: =SUM(AM12,AM17,AM22,AM27,AM32,AM37,AM42,AM47,AM52,AM57) -> 3196 | AN6: =AM6/(SUM(AM$3:AM$6)) -> 0.096550057
C7: Average Ballots per district | D7: =D2/10 -> 186105.5 | J7: =I7-G7 -> 0
B8: District 1 - Redmond to Marysville | C8: Total Ballots | D8: =AJ8 -> 163014 | F8: =KeyRaces!E2 -> 98597 | G8: =KeyRaces!F2 | H8: =D8-F8 -> 64417 | K8: =KeyRaces!K2 -> 113370 | L8: =KeyRaces!L2 | N8: =KeyRaces!N2 -> 14773 | O8: =KeyRaces!O2 | P8: =KeyRaces!P2 -> 150766 | Q8: =KeyRaces!Q2 | S8: =KeyRaces!S2 -> 37396 | T8: =KeyRaces!T2 | U8: =KeyRaces!U2 -> 159269 | V8: =KeyRaces!V2 | W8: =KeyRaces!W2 | X8: =KeyRaces!X2 -> 8503 | Y8: =KeyRaces!Y2 | Z8: =KeyRaces!Z2 -> 161993 | ... AN8: =KeyRaces!AN2 -> 0
C9: Democratic | D9: =AJ9 -> 88736 | E9: =AK9 -> 0.55262093 | F9: =SUMIF(KeyRaces!$B$3:$B$9,CongressionalAnalysis!$C9,KeyRaces!E$3:E$9) -> 54882 | G9: =SUMIF(KeyRaces!$B$3:$B$9,CongressionalAnalysis!$C9,KeyRaces!F$3:F$9) -> 0.5653 | H9: =D9-F9 -> 33854 | I9: =H9/SUM(H9:H12) -> 0.53404215 | J9: =I9-G9 -> -0.03125785 | K9: =SUMIF(KeyRaces!$B$3:$B$9,CongressionalAnalysis!$C9,KeyRaces!K$3:K$9) -> 62695 | L9: =SUMIF(KeyRaces!$B$3:$B$9,CongressionalAnalysis!$C9,KeyRaces!L$3:L$9) -> 0.562 | M9: =(L9-G9)*100 -> -0.33 | N9: =SUMIF(KeyRaces!$B$3:$B$9,CongressionalAnalysis!$C9,KeyRaces!N$3:N$9) -> 7813 | O9: =SUMIF(KeyRaces!$B$3:$B$9,CongressionalAnalysis!$C9,KeyRaces!O$3:O$9) -> 0.5402 | P9: =SUMIF(KeyRaces!$B$3:$B$9,CongressionalAnalysis!$C9,KeyRaces!P$3:P$9) -> 81786 | Q9: =SUMIF(KeyRaces!$B$3:$B$9,CongressionalAnalysis!$C9,KeyRaces!Q$3:Q$9) -> 0.55204115 | R9: =(Q9-$G9)*100 -> -1.3258853 | S9: =SUMIF(KeyRaces!$B$3:$B$9,CongressionalAnalysis!$C9,KeyRaces!S$3:S$9) -> 19091 | T9: =SUMIF(KeyRaces!$B$3:$B$9,CongressionalAnalysis!$C9,KeyRaces!T$3:T$9) -> 0.52155502 | U9: =SUMIF(KeyRaces!$B$3:$B$9,CongressionalAnalysis!$C9,KeyRaces!U$3:U$9) -> 86654 | V9: =SUMIF(KeyRaces!$B$3:$B$9,CongressionalAnalysis!$C9,KeyRaces!V$3:V$9) -> 0.55292594 | W9: =SUMIF(KeyRaces!$B$3:$B$9,CongressionalAnalysis!$C9,KeyRaces!W$3:W$9) -> -1.24 | X9: =SUMIF(KeyRaces!$B$3:$B$9,CongressionalAnalysis!$C9,KeyRaces!X$3:X$9) -> 4868 | Y9: =SUMIF(KeyRaces!$B$3:$B$9,CongressionalAnalysis!$C9,KeyRaces!Y$3:Y$9) -> 0.56822692 | Z9: =SUMIF(KeyRaces!$B$3:$B$9,CongressionalAnalysis!$C9,KeyRaces!Z$3:Z$9) -> 88174 | ... AN9: =SUMIF(KeyRaces!$B$3:$B$9,CongressionalAnalysis!$C9,KeyRaces!AN$3:AN$9) -> 0.50138889
C10: Republican | D10: =AJ10 -> 42088 | E10: =AK10 -> 0.26211131 | F10: =SUMIF(KeyRaces!$B$3:$B$9,CongressionalAnalysis!$C10,KeyRaces!E$3:E$9) -> 26389 | G10: =SUMIF(KeyRaces!$B$3:$B$9,CongressionalAnalysis!$C10,KeyRaces!F$3:F$9) -> 0.2718 | H10: =D10-F10 -> 15699 | I10: =H10/SUM(H9:H12) -> 0.24764955 | J10: =I10-G10 -> -0.024150454 | K10: =SUMIF(KeyRaces!$B$3:$B$9,CongressionalAnalysis!$C10,KeyRaces!K$3:K$9) -> 30202 | L10: =SUMIF(KeyRaces!$B$3:$B$9,CongressionalAnalysis!$C10,KeyRaces!L$3:L$9) -> 0.2708 | M10: =(L10-G10)*100 -> -0.1 | N10: =SUMIF(KeyRaces!$B$3:$B$9,CongressionalAnalysis!$C10,KeyRaces!N$3:N$9) -> 3813 | O10: =SUMIF(KeyRaces!$B$3:$B$9,CongressionalAnalysis!$C10,KeyRaces!O$3:O$9) -> 0.2637 | P10: =SUMIF(KeyRaces!$B$3:$B$9,CongressionalAnalysis!$C10,KeyRaces!P$3:P$9) -> 39700 | Q10: =SUMIF(KeyRaces!$B$3:$B$9,CongressionalAnalysis!$C10,KeyRaces!Q$3:Q$9) -> 0.26796803 | R10: =(Q10-$G10)*100 -> -0.38319672 | S10: =SUMIF(KeyRaces!$B$3:$B$9,CongressionalAnalysis!$C10,KeyRaces!S$3:S$9) -> 9498 | T10: =SUMIF(KeyRaces!$B$3:$B$9,CongressionalAnalysis!$C10,KeyRaces!T$3:T$9) -> 0.25947984 | U10: =SUMIF(KeyRaces!$B$3:$B$9,CongressionalAnalysis!$C10,KeyRaces!U$3:U$9) -> 41269 | V10: =SUMIF(KeyRaces!$B$3:$B$9,CongressionalAnalysis!$C10,KeyRaces!V$3:V$9) -> 0.26333119 | W10: =SUMIF(KeyRaces!$B$3:$B$9,CongressionalAnalysis!$C10,KeyRaces!W$3:W$9) -> -0.85 | X10: =SUMIF(KeyRaces!$B$3:$B$9,CongressionalAnalysis!$C10,KeyRaces!X$3:X$9) -> 1569 | Y10: =SUMIF(KeyRaces!$B$3:$B$9,CongressionalAnalysis!$C10,KeyRaces!Y$3:Y$9) -> 0.18314462 | Z10: =SUMIF(KeyRaces!$B$3:$B$9,CongressionalAnalysis!$C10,KeyRaces!Z$3:Z$9) -> 41865 | ... AN10: =SUMIF(KeyRaces!$B$3:$B$9,CongressionalAnalysis!$C10,KeyRaces!AN$3:AN$9) -> 0.2
C11: DSA | D11: =AJ11 -> 17505 | E11: =AK11 -> 0.10901584 | F11: =SUMIF(KeyRaces!$B$3:$B$9,CongressionalAnalysis!$C11,KeyRaces!E$3:E$9) -> 8922 | G11: =SUMIF(KeyRaces!$B$3:$B$9,CongressionalAnalysis!$C11,KeyRaces!F$3:F$9) -> 0.0919 | H11: =D11-F11 -> 8583 | I11: =H11/SUM(H9:H12) -> 0.13539563 | J11: =I11-G11 -> 0.043495634 | K11: =SUMIF(KeyRaces!$B$3:$B$9,CongressionalAnalysis!$C11,KeyRaces!K$3:K$9) -> 10619 | L11: =SUMIF(KeyRaces!$B$3:$B$9,CongressionalAnalysis!$C11,KeyRaces!L$3:L$9) -> 0.0952 | M11: =(L11-G11)*100 -> 0.33 | N11: =SUMIF(KeyRaces!$B$3:$B$9,CongressionalAnalysis!$C11,KeyRaces!N$3:N$9) -> 1697 | O11: =SUMIF(KeyRaces!$B$3:$B$9,CongressionalAnalysis!$C11,KeyRaces!O$3:O$9) -> 0.1173 | P11: =SUMIF(KeyRaces!$B$3:$B$9,CongressionalAnalysis!$C11,KeyRaces!P$3:P$9) -> 15540 | Q11: =SUMIF(KeyRaces!$B$3:$B$9,CongressionalAnalysis!$C11,KeyRaces!Q$3:Q$9) -> 0.10489227 | R11: =(Q11-$G11)*100 -> 1.2992273 | S11: =SUMIF(KeyRaces!$B$3:$B$9,CongressionalAnalysis!$C11,KeyRaces!S$3:S$9) -> 4921 | T11: =SUMIF(KeyRaces!$B$3:$B$9,CongressionalAnalysis!$C11,KeyRaces!T$3:T$9) -> 0.13443886 | U11: =SUMIF(KeyRaces!$B$3:$B$9,CongressionalAnalysis!$C11,KeyRaces!U$3:U$9) -> 16896 | V11: =SUMIF(KeyRaces!$B$3:$B$9,CongressionalAnalysis!$C11,KeyRaces!V$3:V$9) -> 0.1078108 | W11: =SUMIF(KeyRaces!$B$3:$B$9,CongressionalAnalysis!$C11,KeyRaces!W$3:W$9) -> 1.58 | X11: =SUMIF(KeyRaces!$B$3:$B$9,CongressionalAnalysis!$C11,KeyRaces!X$3:X$9) -> 1356 | Y11: =SUMIF(KeyRaces!$B$3:$B$9,CongressionalAnalysis!$C11,KeyRaces!Y$3:Y$9) -> 0.15828178 | Z11: =SUMIF(KeyRaces!$B$3:$B$9,CongressionalAnalysis!$C11,KeyRaces!Z$3:Z$9) -> 17273 | ... AN11: =SUMIF(KeyRaces!$B$3:$B$9,CongressionalAnalysis!$C11,KeyRaces!AN$3:AN$9) -> 0.22083333
C12: Independent | D12: =AJ12 -> 12023 | E12: =AK12 -> 0.074875602 | F12: =SUMIF(KeyRaces!$B$3:$B$9,CongressionalAnalysis!$C12,KeyRaces!E$3:E$9) -> 6767 | G12: =SUMIF(KeyRaces!$B$3:$B$9,CongressionalAnalysis!$C12,KeyRaces!F$3:F$9) -> 0.0697 | H12: =D12-F12 -> 5256 | I12: =H12/SUM(H9:H12) -> 0.08291267 | J12: =I12-G12 -> 0.01321267 | K12: =SUMIF(KeyRaces!$B$3:$B$9,CongressionalAnalysis!$C12,KeyRaces!K$3:K$9) -> 7898 | L12: =SUMIF(KeyRaces!$B$3:$B$9,CongressionalAnalysis!$C12,KeyRaces!L$3:L$9) -> 0.0708 | M12: =(L12-G12)*100 -> 0.11 | N12: =SUMIF(KeyRaces!$B$3:$B$9,CongressionalAnalysis!$C12,KeyRaces!N$3:N$9) -> 1131 | O12: =SUMIF(KeyRaces!$B$3:$B$9,CongressionalAnalysis!$C12,KeyRaces!O$3:O$9) -> 0.0782 | P12: =SUMIF(KeyRaces!$B$3:$B$9,CongressionalAnalysis!$C12,KeyRaces!P$3:P$9) -> 10917 | Q12: =SUMIF(KeyRaces!$B$3:$B$9,CongressionalAnalysis!$C12,KeyRaces!Q$3:Q$9) -> 0.073687834 | R12: =(Q12-$G12)*100 -> 0.39878341 | S12: =SUMIF(KeyRaces!$B$3:$B$9,CongressionalAnalysis!$C12,KeyRaces!S$3:S$9) -> 3019 | T12: =SUMIF(KeyRaces!$B$3:$B$9,CongressionalAnalysis!$C12,KeyRaces!T$3:T$9) -> 0.082477325 | U12: =SUMIF(KeyRaces!$B$3:$B$9,CongressionalAnalysis!$C12,KeyRaces!U$3:U$9) -> 11689 | V12: =SUMIF(KeyRaces!$B$3:$B$9,CongressionalAnalysis!$C12,KeyRaces!V$3:V$9) -> 0.074585723 | W12: =SUMIF(KeyRaces!$B$3:$B$9,CongressionalAnalysis!$C12,KeyRaces!W$3:W$9) -> 0.49 | X12: =SUMIF(KeyRaces!$B$3:$B$9,CongressionalAnalysis!$C12,KeyRaces!X$3:X$9) -> 772 | Y12: =SUMIF(KeyRaces!$B$3:$B$9,CongressionalAnalysis!$C12,KeyRaces!Y$3:Y$9) -> 0.090113225 | Z12: =SUMIF(KeyRaces!$B$3:$B$9,CongressionalAnalysis!$C12,KeyRaces!Z$3:Z$9) -> 11920 | ... AN12: =SUMIF(KeyRaces!$B$3:$B$9,CongressionalAnalysis!$C12,KeyRaces!AN$3:AN$9) -> 0.077777778
B13: District 2 - Everett to Bellingham | C13: Total Ballots | D13: =AJ13 -> 212654 | F13: =KeyRaces!E10 -> 125339 | G13: =KeyRaces!F10 | H13: =D13-F13 -> 87315 | K13: =KeyRaces!K10 -> 155944 | L13: =KeyRaces!L10 | N13: =KeyRaces!N10 -> 30605 | O13: =KeyRaces!O10 | P13: =KeyRaces!P10 -> 190784 | Q13: =KeyRaces!Q10 | S13: =KeyRaces!S10 -> 34840 | T13: =KeyRaces!T10 | U13: =KeyRaces!U10 -> 199931 | V13: =KeyRaces!V10 | W13: =KeyRaces!W10 | X13: =KeyRaces!X10 -> 9147 | Y13: =KeyRaces!Y10 | Z13: =KeyRaces!Z10 -> 209866 | ... AN13: =KeyRaces!AN10 -> 0
C14: Democratic | D14: =AJ14 -> 88708 | E14: =AK14 -> 0.423407 | F14: =SUMIF(KeyRaces!$B$11:$B$14,CongressionalAnalysis!$C9,KeyRaces!E$11:E$14) -> 55387 | G14: =SUMIF(KeyRaces!$B$11:$B$14,CongressionalAnalysis!$C9,KeyRaces!F$11:F$14) -> 0.4485 | H14: =D14-F14 -> 33321 | I14: =H14/SUM(H14:H17) -> 0.38771497 | J14: =I14-G14 -> -0.060785029 | K14: =SUMIF(KeyRaces!$B$11:$B$14,CongressionalAnalysis!$C9,KeyRaces!K$11:K$14) -> 67544 | L14: =SUMIF(KeyRaces!$B$11:$B$14,CongressionalAnalysis!$C9,KeyRaces!L$11:L$14) -> 0.44 | M14: =(L14-G14)*100 -> -0.85 | N14: =SUMIF(KeyRaces!$B$11:$B$14,CongressionalAnalysis!$C9,KeyRaces!N$11:N$14) -> 12157 | O14: =SUMIF(KeyRaces!$B$11:$B$14,CongressionalAnalysis!$C9,KeyRaces!O$11:O$14) -> 0.405 | P14: =SUMIF(KeyRaces!$B$11:$B$14,CongressionalAnalysis!$C9,KeyRaces!P$11:P$14) -> 80452 | Q14: =SUMIF(KeyRaces!$B$11:$B$14,CongressionalAnalysis!$C9,KeyRaces!Q$11:Q$14) -> 0.42880061 | R14: =(Q14-$G14)*100 -> -1.9699386 | S14: =SUMIF(KeyRaces!$B$11:$B$14,CongressionalAnalysis!$C9,KeyRaces!S$11:S$14) -> 12908 | T14: =SUMIF(KeyRaces!$B$11:$B$14,CongressionalAnalysis!$C9,KeyRaces!T$11:T$14) -> 0.37836729 | U14: =SUMIF(KeyRaces!$B$11:$B$14,CongressionalAnalysis!$C9,KeyRaces!U$11:U$14) -> 84273 | V14: =SUMIF(KeyRaces!$B$11:$B$14,CongressionalAnalysis!$C9,KeyRaces!V$11:V$14) -> 0.42774699 | W14: =SUMIF(KeyRaces!$B$11:$B$14,CongressionalAnalysis!$C9,KeyRaces!W$11:W$14) -> -2.08 | X14: =SUMIF(KeyRaces!$B$11:$B$14,CongressionalAnalysis!$C9,KeyRaces!X$11:X$14) -> 3821 | Y14: =SUMIF(KeyRaces!$B$11:$B$14,CongressionalAnalysis!$C9,KeyRaces!Y$11:Y$14) -> 0.40670569 | Z14: =SUMIF(KeyRaces!$B$11:$B$14,CongressionalAnalysis!$C9,KeyRaces!Z$11:Z$14) -> 87790 | ... AN14: =SUMIF(KeyRaces!$B$11:$B$14,CongressionalAnalysis!$C9,KeyRaces!AN$11:AN$14) -> 0.34056185
C15: Republican | D15: =AJ15 -> 68713 | E15: =AK15 -> 0.32797003 | F15: =SUMIF(KeyRaces!$B$11:$B$14,CongressionalAnalysis!$C10,KeyRaces!E$11:E$14) -> 40602 | G15: =SUMIF(KeyRaces!$B$11:$B$14,CongressionalAnalysis!$C10,KeyRaces!F$11:F$14) -> 0.3288 | H15: =D15-F15 -> 28111 | I15: =H15/SUM(H14:H17) -> 0.32709269 | J15: =I15-G15 -> -0.0017073096 | K15: =SUMIF(KeyRaces!$B$11:$B$14,CongressionalAnalysis!$C10,KeyRaces!K$11:K$14) -> 49728 | L15: =SUMIF(KeyRaces!$B$11:$B$14,CongressionalAnalysis!$C10,KeyRaces!L$11:L$14) -> 0.3239 | M15: =(L15-G15)*100 -> -0.49 | N15: =SUMIF(KeyRaces!$B$11:$B$14,CongressionalAnalysis!$C10,KeyRaces!N$11:N$14) -> 9126 | O15: =SUMIF(KeyRaces!$B$11:$B$14,CongressionalAnalysis!$C10,KeyRaces!O$11:O$14) -> 0.3041 | P15: =SUMIF(KeyRaces!$B$11:$B$14,CongressionalAnalysis!$C10,KeyRaces!P$11:P$14) -> 60591 | Q15: =SUMIF(KeyRaces!$B$11:$B$14,CongressionalAnalysis!$C10,KeyRaces!Q$11:Q$14) -> 0.32294359 | R15: =(Q15-$G15)*100 -> -0.58564063 | S15: =SUMIF(KeyRaces!$B$11:$B$14,CongressionalAnalysis!$C10,KeyRaces!S$11:S$14) -> 10863 | T15: =SUMIF(KeyRaces!$B$11:$B$14,CongressionalAnalysis!$C10,KeyRaces!T$11:T$14) -> 0.31842298 | U15: =SUMIF(KeyRaces!$B$11:$B$14,CongressionalAnalysis!$C10,KeyRaces!U$11:U$14) -> 63680 | V15: =SUMIF(KeyRaces!$B$11:$B$14,CongressionalAnalysis!$C10,KeyRaces!V$11:V$14) -> 0.32322248 | W15: =SUMIF(KeyRaces!$B$11:$B$14,CongressionalAnalysis!$C10,KeyRaces!W$11:W$14) -> -0.56 | X15: =SUMIF(KeyRaces!$B$11:$B$14,CongressionalAnalysis!$C10,KeyRaces!X$11:X$14) -> 3089 | Y15: =SUMIF(KeyRaces!$B$11:$B$14,CongressionalAnalysis!$C10,KeyRaces!Y$11:Y$14) -> 0.32879191 | Z15: =SUMIF(KeyRaces!$B$11:$B$14,CongressionalAnalysis!$C10,KeyRaces!Z$11:Z$14) -> 67671 | ... AN15: =SUMIF(KeyRaces!$B$11:$B$14,CongressionalAnalysis!$C10,KeyRaces!AN$11:AN$14) -> 0.36964022
C16: DSA | D16: =AJ16 -> 51908 | E16: =AK16 -> 0.24775906 | F16: =SUMIF(KeyRaces!$B$11:$B$14,CongressionalAnalysis!$C11,KeyRaces!E$11:E$14) -> 27398 | G16: =SUMIF(KeyRaces!$B$11:$B$14,CongressionalAnalysis!$C11,KeyRaces!F$11:F$14) -> 0.2218 | H16: =D16-F16 -> 24510 | I16: =H16/SUM(H14:H17) -> 0.28519234 | J16: =I16-G16 -> 0.063392339 | K16: =SUMIF(KeyRaces!$B$11:$B$14,CongressionalAnalysis!$C11,KeyRaces!K$11:K$14) -> 36118 | L16: =SUMIF(KeyRaces!$B$11:$B$14,CongressionalAnalysis!$C11,KeyRaces!L$11:L$14) -> 0.2353 | M16: =(L16-G16)*100 -> 1.35 | N16: =SUMIF(KeyRaces!$B$11:$B$14,CongressionalAnalysis!$C11,KeyRaces!N$11:N$14) -> 8720 | O16: =SUMIF(KeyRaces!$B$11:$B$14,CongressionalAnalysis!$C11,KeyRaces!O$11:O$14) -> 0.2905 | P16: =SUMIF(KeyRaces!$B$11:$B$14,CongressionalAnalysis!$C11,KeyRaces!P$11:P$14) -> 46432 | Q16: =SUMIF(KeyRaces!$B$11:$B$14,CongressionalAnalysis!$C11,KeyRaces!Q$11:Q$14) -> 0.24747763 | R16: =(Q16-$G16)*100 -> 2.5677628 | S16: =SUMIF(KeyRaces!$B$11:$B$14,CongressionalAnalysis!$C11,KeyRaces!S$11:S$14) -> 10314 | T16: =SUMIF(KeyRaces!$B$11:$B$14,CongressionalAnalysis!$C11,KeyRaces!T$11:T$14) -> 0.30233035 | U16: =SUMIF(KeyRaces!$B$11:$B$14,CongressionalAnalysis!$C11,KeyRaces!U$11:U$14) -> 48898 | V16: =SUMIF(KeyRaces!$B$11:$B$14,CongressionalAnalysis!$C11,KeyRaces!V$11:V$14) -> 0.24819304 | W16: =SUMIF(KeyRaces!$B$11:$B$14,CongressionalAnalysis!$C11,KeyRaces!W$11:W$14) -> 2.64 | X16: =SUMIF(KeyRaces!$B$11:$B$14,CongressionalAnalysis!$C11,KeyRaces!X$11:X$14) -> 2466 | Y16: =SUMIF(KeyRaces!$B$11:$B$14,CongressionalAnalysis!$C11,KeyRaces!Y$11:Y$14) -> 0.26248004 | Z16: =SUMIF(KeyRaces!$B$11:$B$14,CongressionalAnalysis!$C11,KeyRaces!Z$11:Z$14) -> 51168 | ... AN16: =SUMIF(KeyRaces!$B$11:$B$14,CongressionalAnalysis!$C11,KeyRaces!AN$11:AN$14) -> 0.28831937
C17: Independent | D17: =AJ17 -> 0 | E17: =AK17 -> 0 | F17: =SUMIF(KeyRaces!$B$11:$B$14,CongressionalAnalysis!$C12,KeyRaces!E$11:E$14) -> 0 | G17: =SUMIF(KeyRaces!$B$11:$B$14,CongressionalAnalysis!$C12,KeyRaces!F$11:F$14) -> 0 | H17: =D17-F17 -> 0 | I17: =H17/SUM(H14:H17) -> 0 | J17: =I17-G17 -> 0 | K17: =SUMIF(KeyRaces!$B$11:$B$14,CongressionalAnalysis!$C12,KeyRaces!K$11:K$14) -> 0 | L17: =SUMIF(KeyRaces!$B$11:$B$14,CongressionalAnalysis!$C12,KeyRaces!L$11:L$14) -> 0 | M17: =(L17-G17)*100 -> 0 | N17: =SUMIF(KeyRaces!$B$11:$B$14,CongressionalAnalysis!$C12,KeyRaces!N$11:N$14) -> 0 | O17: =SUMIF(KeyRaces!$B$11:$B$14,CongressionalAnalysis!$C12,KeyRaces!O$11:O$14) -> 0 | P17: =SUMIF(KeyRaces!$B$11:$B$14,CongressionalAnalysis!$C12,KeyRaces!P$11:P$14) -> 0 | Q17: =SUMIF(KeyRaces!$B$11:$B$14,CongressionalAnalysis!$C12,KeyRaces!Q$11:Q$14) -> 0 | R17: =(Q17-$G17)*100 -> 0 | S17: =SUMIF(KeyRaces!$B$11:$B$14,CongressionalAnalysis!$C12,KeyRaces!S$11:S$14) -> 0 | T17: =SUMIF(KeyRaces!$B$11:$B$14,CongressionalAnalysis!$C12,KeyRaces!T$11:T$14) -> 0 | U17: =SUMIF(KeyRaces!$B$11:$B$14,CongressionalAnalysis!$C12,KeyRaces!U$11:U$14) -> 0 | V17: =SUMIF(KeyRaces!$B$11:$B$14,CongressionalAnalysis!$C12,KeyRaces!V$11:V$14) -> 0 | W17: =SUMIF(KeyRaces!$B$11:$B$14,CongressionalAnalysis!$C12,KeyRaces!W$11:W$14) -> 0 | X17: =SUMIF(KeyRaces!$B$11:$B$14,CongressionalAnalysis!$C12,KeyRaces!X$11:X$14) -> 0 | Y17: =SUMIF(KeyRaces!$B$11:$B$14,CongressionalAnalysis!$C12,KeyRaces!Y$11:Y$14) -> 0 | Z17: =SUMIF(KeyRaces!$B$11:$B$14,CongressionalAnalysis!$C12,KeyRaces!Z$11:Z$14) -> 0 | ... AN17: =SUMIF(KeyRaces!$B$11:$B$14,CongressionalAnalysis!$C12,KeyRaces!AN$11:AN$14) -> 0
B18: District 3 - Southwest WA | C18: Total Ballots | D18: =AJ18 -> 216864 | F18: =KeyRaces!E15 -> 140669 | G18: =KeyRaces!F15 | H18: =D18-F18 -> 76195 | K18: =KeyRaces!K15 -> 175609 | L18: =KeyRaces!L15 | N18: =KeyRaces!N15 -> 34940 | O18: =KeyRaces!O15 | P18: =KeyRaces!P15 -> 206503 | Q18: =KeyRaces!Q15 | S18: =KeyRaces!S15 -> 30894 | T18: =KeyRaces!T15 | U18: =KeyRaces!U15 -> 210175 | V18: =KeyRaces!V15 | W18: =KeyRaces!W15 | X18: =KeyRaces!X15 -> 3672 | Y18: =KeyRaces!Y15 | Z18: =KeyRaces!Z15 -> 214816 | ... AN18: =KeyRaces!AN15 -> 0
C19: Democratic | D19: =AJ19 -> 81739 | E19: =AK19 -> 0.38108359 | F19: =SUMIF(KeyRaces!$B$16:$B$24,CongressionalAnalysis!$C14,KeyRaces!E$16:E$24) -> 56513 | G19: =SUMIF(KeyRaces!$B$16:$B$24,CongressionalAnalysis!$C14,KeyRaces!F$16:F$24) -> 0.4061 | H19: =D19-F19 -> 25226 | I19: =H19/SUM(H19:H22) -> 0.33515352 | J19: =I19-G19 -> -0.07094648 | K19: =SUMIF(KeyRaces!$B$16:$B$24,CongressionalAnalysis!$C14,KeyRaces!K$16:K$24) -> 68179 | L19: =SUMIF(KeyRaces!$B$16:$B$24,CongressionalAnalysis!$C14,KeyRaces!L$16:L$24) -> 0.3923 | M19: =(L19-G19)*100 -> -1.38 | N19: =SUMIF(KeyRaces!$B$16:$B$24,CongressionalAnalysis!$C14,KeyRaces!N$16:N$24) -> 11666 | O19: =SUMIF(KeyRaces!$B$16:$B$24,CongressionalAnalysis!$C14,KeyRaces!O$16:O$24) -> 0.3368 | P19: =SUMIF(KeyRaces!$B$16:$B$24,CongressionalAnalysis!$C14,KeyRaces!P$16:P$24) -> 78533 | Q19: =SUMIF(KeyRaces!$B$16:$B$24,CongressionalAnalysis!$C14,KeyRaces!Q$16:Q$24) -> 0.38420481 | R19: =(Q19-$G19)*100 -> -2.189519 | S19: =SUMIF(KeyRaces!$B$16:$B$24,CongressionalAnalysis!$C14,KeyRaces!S$16:S$24) -> 10354 | T19: =SUMIF(KeyRaces!$B$16:$B$24,CongressionalAnalysis!$C14,KeyRaces!T$16:T$24) -> 0.33839919 | U19: =SUMIF(KeyRaces!$B$16:$B$24,CongressionalAnalysis!$C14,KeyRaces!U$16:U$24) -> 79527 | V19: =SUMIF(KeyRaces!$B$16:$B$24,CongressionalAnalysis!$C14,KeyRaces!V$16:V$24) -> 0.38233767 | W19: =SUMIF(KeyRaces!$B$16:$B$24,CongressionalAnalysis!$C14,KeyRaces!W$16:W$24) -> -2.38 | X19: =SUMIF(KeyRaces!$B$16:$B$24,CongressionalAnalysis!$C14,KeyRaces!X$16:X$24) -> 994 | Y19: =SUMIF(KeyRaces!$B$16:$B$24,CongressionalAnalysis!$C14,KeyRaces!Y$16:Y$24) -> 0.27626459 | Z19: =SUMIF(KeyRaces!$B$16:$B$24,CongressionalAnalysis!$C14,KeyRaces!Z$16:Z$24) -> 81124 | ... AN19: =SUMIF(KeyRaces!$B$16:$B$24,CongressionalAnalysis!$C14,KeyRaces!AN$16:AN$24) -> 0.30495979
C20: Republican | D20: =AJ20 -> 91893 | E20: =AK20 -> 0.42842357 | F20: =SUMIF(KeyRaces!$B$16:$B$24,CongressionalAnalysis!$C15,KeyRaces!E$16:E$24) -> 58392 | G20: =SUMIF(KeyRaces!$B$16:$B$24,CongressionalAnalysis!$C15,KeyRaces!F$16:F$24) -> 0.4196 | H20: =D20-F20 -> 33501 | I20: =H20/SUM(H19:H22) -> 0.44509546 | J20: =I20-G20 -> 0.02549546 | K20: =SUMIF(KeyRaces!$B$16:$B$24,CongressionalAnalysis!$C15,KeyRaces!K$16:K$24) -> 73781 | L20: =SUMIF(KeyRaces!$B$16:$B$24,CongressionalAnalysis!$C15,KeyRaces!L$16:L$24) -> 0.4245 | M20: =(L20-G20)*100 -> 0.49 | N20: =SUMIF(KeyRaces!$B$16:$B$24,CongressionalAnalysis!$C15,KeyRaces!N$16:N$24) -> 15389 | O20: =SUMIF(KeyRaces!$B$16:$B$24,CongressionalAnalysis!$C15,KeyRaces!O$16:O$24) -> 0.4444 | P20: =SUMIF(KeyRaces!$B$16:$B$24,CongressionalAnalysis!$C15,KeyRaces!P$16:P$24) -> 86786 | Q20: =SUMIF(KeyRaces!$B$16:$B$24,CongressionalAnalysis!$C15,KeyRaces!Q$16:Q$24) -> 0.42458073 | R20: =(Q20-$G20)*100 -> 0.49807323 | S20: =SUMIF(KeyRaces!$B$16:$B$24,CongressionalAnalysis!$C15,KeyRaces!S$16:S$24) -> 13005 | T20: =SUMIF(KeyRaces!$B$16:$B$24,CongressionalAnalysis!$C15,KeyRaces!T$16:T$24) -> 0.42504167 | U20: =SUMIF(KeyRaces!$B$16:$B$24,CongressionalAnalysis!$C15,KeyRaces!U$16:U$24) -> 88754 | V20: =SUMIF(KeyRaces!$B$16:$B$24,CongressionalAnalysis!$C15,KeyRaces!V$16:V$24) -> 0.42669782 | W20: =SUMIF(KeyRaces!$B$16:$B$24,CongressionalAnalysis!$C15,KeyRaces!W$16:W$24) -> 0.71 | X20: =SUMIF(KeyRaces!$B$16:$B$24,CongressionalAnalysis!$C15,KeyRaces!X$16:X$24) -> 1968 | Y20: =SUMIF(KeyRaces!$B$16:$B$24,CongressionalAnalysis!$C15,KeyRaces!Y$16:Y$24) -> 0.54697054 | Z20: =SUMIF(KeyRaces!$B$16:$B$24,CongressionalAnalysis!$C15,KeyRaces!Z$16:Z$24) -> 90873 | ... AN20: =SUMIF(KeyRaces!$B$16:$B$24,CongressionalAnalysis!$C15,KeyRaces!AN$16:AN$24) -> 0.53351206
C21: DSA | D21: =AJ21 -> 35820 | E21: =AK21 -> 0.16700001 | F21: =SUMIF(KeyRaces!$B$16:$B$24,CongressionalAnalysis!$C16,KeyRaces!E$16:E$24) -> 21290 | G21: =SUMIF(KeyRaces!$B$16:$B$24,CongressionalAnalysis!$C16,KeyRaces!F$16:F$24) -> 0.153 | H21: =D21-F21 -> 14530 | I21: =H21/SUM(H19:H22) -> 0.19304609 | J21: =I21-G21 -> 0.040046089 | K21: =SUMIF(KeyRaces!$B$16:$B$24,CongressionalAnalysis!$C16,KeyRaces!K$16:K$24) -> 28062 | L21: =SUMIF(KeyRaces!$B$16:$B$24,CongressionalAnalysis!$C16,KeyRaces!L$16:L$24) -> 0.1615 | M21: =(L21-G21)*100 -> 0.85 | N21: =SUMIF(KeyRaces!$B$16:$B$24,CongressionalAnalysis!$C16,KeyRaces!N$16:N$24) -> 6772 | O21: =SUMIF(KeyRaces!$B$16:$B$24,CongressionalAnalysis!$C16,KeyRaces!O$16:O$24) -> 0.1955 | P21: =SUMIF(KeyRaces!$B$16:$B$24,CongressionalAnalysis!$C16,KeyRaces!P$16:P$24) -> 34479 | Q21: =SUMIF(KeyRaces!$B$16:$B$24,CongressionalAnalysis!$C16,KeyRaces!Q$16:Q$24) -> 0.16868065 | R21: =(Q21-$G21)*100 -> 1.5680652 | S21: =SUMIF(KeyRaces!$B$16:$B$24,CongressionalAnalysis!$C16,KeyRaces!S$16:S$24) -> 6417 | T21: =SUMIF(KeyRaces!$B$16:$B$24,CongressionalAnalysis!$C16,KeyRaces!T$16:T$24) -> 0.20972644 | U21: =SUMIF(KeyRaces!$B$16:$B$24,CongressionalAnalysis!$C16,KeyRaces!U$16:U$24) -> 34927 | V21: =SUMIF(KeyRaces!$B$16:$B$24,CongressionalAnalysis!$C16,KeyRaces!V$16:V$24) -> 0.16791665 | W21: =SUMIF(KeyRaces!$B$16:$B$24,CongressionalAnalysis!$C16,KeyRaces!W$16:W$24) -> 1.49 | X21: =SUMIF(KeyRaces!$B$16:$B$24,CongressionalAnalysis!$C16,KeyRaces!X$16:X$24) -> 448 | Y21: =SUMIF(KeyRaces!$B$16:$B$24,CongressionalAnalysis!$C16,KeyRaces!Y$16:Y$24) -> 0.12451362 | Z21: =SUMIF(KeyRaces!$B$16:$B$24,CongressionalAnalysis!$C16,KeyRaces!Z$16:Z$24) -> 35540 | ... AN21: =SUMIF(KeyRaces!$B$16:$B$24,CongressionalAnalysis!$C16,KeyRaces!AN$16:AN$24) -> 0.12198391
C22: Independent | D22: =AJ22 -> 4894 | E22: =AK22 -> 0.022816808 | F22: =SUMIF(KeyRaces!$B$16:$B$24,CongressionalAnalysis!$C17,KeyRaces!E$16:E$24) -> 2884 | G22: =SUMIF(KeyRaces!$B$16:$B$24,CongressionalAnalysis!$C17,KeyRaces!F$16:F$24) -> 0.0207 | H22: =D22-F22 -> 2010 | I22: =H22/SUM(H19:H22) -> 0.02670493 | J22: =I22-G22 -> 0.0060049304 | K22: =SUMIF(KeyRaces!$B$16:$B$24,CongressionalAnalysis!$C17,KeyRaces!K$16:K$24) -> 3673 | L22: =SUMIF(KeyRaces!$B$16:$B$24,CongressionalAnalysis!$C17,KeyRaces!L$16:L$24) -> 0.0212 | M22: =(L22-G22)*100 -> 0.05 | N22: =SUMIF(KeyRaces!$B$16:$B$24,CongressionalAnalysis!$C17,KeyRaces!N$16:N$24) -> 789 | O22: =SUMIF(KeyRaces!$B$16:$B$24,CongressionalAnalysis!$C17,KeyRaces!O$16:O$24) -> 0.0228 | P22: =SUMIF(KeyRaces!$B$16:$B$24,CongressionalAnalysis!$C17,KeyRaces!P$16:P$24) -> 4475 | Q22: =SUMIF(KeyRaces!$B$16:$B$24,CongressionalAnalysis!$C17,KeyRaces!Q$16:Q$24) -> 0.021892918 | R22: =(Q22-$G22)*100 -> 0.11929179 | S22: =SUMIF(KeyRaces!$B$16:$B$24,CongressionalAnalysis!$C17,KeyRaces!S$16:S$24) -> 802 | T22: =SUMIF(KeyRaces!$B$16:$B$24,CongressionalAnalysis!$C17,KeyRaces!T$16:T$24) -> 0.02621172 | U22: =SUMIF(KeyRaces!$B$16:$B$24,CongressionalAnalysis!$C17,KeyRaces!U$16:U$24) -> 4654 | V22: =SUMIF(KeyRaces!$B$16:$B$24,CongressionalAnalysis!$C17,KeyRaces!V$16:V$24) -> 0.022374785 | W22: =SUMIF(KeyRaces!$B$16:$B$24,CongressionalAnalysis!$C17,KeyRaces!W$16:W$24) -> 0.16 | X22: =SUMIF(KeyRaces!$B$16:$B$24,CongressionalAnalysis!$C17,KeyRaces!X$16:X$24) -> 179 | Y22: =SUMIF(KeyRaces!$B$16:$B$24,CongressionalAnalysis!$C17,KeyRaces!Y$16:Y$24) -> 0.049749861 | Z22: =SUMIF(KeyRaces!$B$16:$B$24,CongressionalAnalysis!$C17,KeyRaces!Z$16:Z$24) -> 4813 | ... AN22: =SUMIF(KeyRaces!$B$16:$B$24,CongressionalAnalysis!$C17,KeyRaces!AN$16:AN$24) -> 0.042895442
B23: District 4 - Central WA | C23: Total Ballots | D23: =AJ23 -> 145781 | F23: =KeyRaces!E25 -> 75273 | G23: =KeyRaces!F25 | H23: =D23-F23 -> 70508 | K23: =KeyRaces!K25 -> 93309 | L23: =KeyRaces!L25 | N23: =KeyRaces!N25 -> 18036 | O23: =KeyRaces!O25 | P23: =KeyRaces!P25 -> 106450 | Q23: =KeyRaces!Q25 | S23: =KeyRaces!S25 -> 13141 | T23: =KeyRaces!T25 | U23: =KeyRaces!U25 -> 135665 | V23: =KeyRaces!V25 | W23: =KeyRaces!W25 | X23: =KeyRaces!X25 -> 29215 | Y23: =KeyRaces!Y25 | Z23: =KeyRaces!Z25 -> 143270 | ... AN23: =KeyRaces!AN25 -> 0
C24: Democratic | D24: =AJ24 -> 42681 | E24: =AK24 -> 0.29917777 | F24: =SUMIF(KeyRaces!$B$26:$B$36,CongressionalAnalysis!$C19,KeyRaces!E$26:E$36) -> 22657 | G24: =SUMIF(KeyRaces!$B$26:$B$36,CongressionalAnalysis!$C19,KeyRaces!F$26:F$36) -> 0.308 | H24: =D24-F24 -> 20024 | I24: =H24/SUM(H24:H27) -> 0.28992978 | J24: =I24-G24 -> -0.018070224 | K24: =SUMIF(KeyRaces!$B$26:$B$36,CongressionalAnalysis!$C19,KeyRaces!K$26:K$36) -> 27963 | L24: =SUMIF(KeyRaces!$B$26:$B$36,CongressionalAnalysis!$C19,KeyRaces!L$26:L$36) -> 0.3067 | M24: =(L24-G24)*100 -> -0.13 | N24: =SUMIF(KeyRaces!$B$26:$B$36,CongressionalAnalysis!$C19,KeyRaces!N$26:N$36) -> 5306 | O24: =SUMIF(KeyRaces!$B$26:$B$36,CongressionalAnalysis!$C19,KeyRaces!O$26:O$36) -> 0.3012 | P24: =SUMIF(KeyRaces!$B$26:$B$36,CongressionalAnalysis!$C19,KeyRaces!P$26:P$36) -> 31659 | Q24: =SUMIF(KeyRaces!$B$26:$B$36,CongressionalAnalysis!$C19,KeyRaces!Q$26:Q$36) -> 0.30414441 | R24: =(Q24-$G24)*100 -> -0.38555893 | S24: =SUMIF(KeyRaces!$B$26:$B$36,CongressionalAnalysis!$C19,KeyRaces!S$26:S$36) -> 3696 | T24: =SUMIF(KeyRaces!$B$26:$B$36,CongressionalAnalysis!$C19,KeyRaces!T$26:T$36) -> 0.2860017 | U24: =SUMIF(KeyRaces!$B$26:$B$36,CongressionalAnalysis!$C19,KeyRaces!U$26:U$36) -> 39911 | V24: =SUMIF(KeyRaces!$B$26:$B$36,CongressionalAnalysis!$C19,KeyRaces!V$26:V$36) -> 0.30034918 | W24: =SUMIF(KeyRaces!$B$26:$B$36,CongressionalAnalysis!$C19,KeyRaces!W$26:W$36) -> -0.77 | X24: =SUMIF(KeyRaces!$B$26:$B$36,CongressionalAnalysis!$C19,KeyRaces!X$26:X$36) -> 8252 | Y24: =SUMIF(KeyRaces!$B$26:$B$36,CongressionalAnalysis!$C19,KeyRaces!Y$26:Y$36) -> 0.2866273 | Z24: =SUMIF(KeyRaces!$B$26:$B$36,CongressionalAnalysis!$C19,KeyRaces!Z$26:Z$36) -> 41998 | ... AN24: =SUMIF(KeyRaces!$B$26:$B$36,CongressionalAnalysis!$C19,KeyRaces!AN$26:AN$36) -> 0.31172545
C25: Republican | D25: =AJ25 -> 89917 | E25: =AK25 -> 0.63028438 | F25: =SUMIF(KeyRaces!$B$26:$B$36,CongressionalAnalysis!$C20,KeyRaces!E$26:E$36) -> 45990 | G25: =SUMIF(KeyRaces!$B$26:$B$36,CongressionalAnalysis!$C20,KeyRaces!F$26:F$36) -> 0.6252 | H25: =D25-F25 -> 43927 | I25: =H25/SUM(H24:H27) -> 0.63602404 | J25: =I25-G25 -> 0.010824035 | K25: =SUMIF(KeyRaces!$B$26:$B$36,CongressionalAnalysis!$C20,KeyRaces!K$26:K$36) -> 57076 | L25: =SUMIF(KeyRaces!$B$26:$B$36,CongressionalAnalysis!$C20,KeyRaces!L$26:L$36) -> 0.6261 | M25: =(L25-G25)*100 -> 0.09 | N25: =SUMIF(KeyRaces!$B$26:$B$36,CongressionalAnalysis!$C20,KeyRaces!N$26:N$36) -> 11086 | O25: =SUMIF(KeyRaces!$B$26:$B$36,CongressionalAnalysis!$C20,KeyRaces!O$26:O$36) -> 0.6293 | P25: =SUMIF(KeyRaces!$B$26:$B$36,CongressionalAnalysis!$C20,KeyRaces!P$26:P$36) -> 65280 | Q25: =SUMIF(KeyRaces!$B$26:$B$36,CongressionalAnalysis!$C20,KeyRaces!Q$26:Q$36) -> 0.62713753 | R25: =(Q25-$G25)*100 -> 0.19375322 | S25: =SUMIF(KeyRaces!$B$26:$B$36,CongressionalAnalysis!$C20,KeyRaces!S$26:S$36) -> 8204 | T25: =SUMIF(KeyRaces!$B$26:$B$36,CongressionalAnalysis!$C20,KeyRaces!T$26:T$36) -> 0.63483711 | U25: =SUMIF(KeyRaces!$B$26:$B$36,CongressionalAnalysis!$C20,KeyRaces!U$26:U$36) -> 83683 | V25: =SUMIF(KeyRaces!$B$26:$B$36,CongressionalAnalysis!$C20,KeyRaces!V$26:V$36) -> 0.62975422 | W25: =SUMIF(KeyRaces!$B$26:$B$36,CongressionalAnalysis!$C20,KeyRaces!W$26:W$36) -> 0.45 | X25: =SUMIF(KeyRaces!$B$26:$B$36,CongressionalAnalysis!$C20,KeyRaces!X$26:X$36) -> 18403 | Y25: =SUMIF(KeyRaces!$B$26:$B$36,CongressionalAnalysis!$C20,KeyRaces!Y$26:Y$36) -> 0.63921501 | Z25: =SUMIF(KeyRaces!$B$26:$B$36,CongressionalAnalysis!$C20,KeyRaces!Z$26:Z$36) -> 88384 | ... AN25: =SUMIF(KeyRaces!$B$26:$B$36,CongressionalAnalysis!$C20,KeyRaces!AN$26:AN$36) -> 0.59199237
C26: DSA | D26: =AJ26 -> 0 | E26: =AK26 -> 0 | F26: =SUMIF(KeyRaces!$B$26:$B$36,CongressionalAnalysis!$C21,KeyRaces!E$26:E$36) -> 0 | G26: =SUMIF(KeyRaces!$B$26:$B$36,CongressionalAnalysis!$C21,KeyRaces!F$26:F$36) -> 0 | H26: =D26-F26 -> 0 | I26: =H26/SUM(H24:H27) -> 0 | J26: =I26-G26 -> 0 | K26: =SUMIF(KeyRaces!$B$26:$B$36,CongressionalAnalysis!$C21,KeyRaces!K$26:K$36) -> 0 | L26: =SUMIF(KeyRaces!$B$26:$B$36,CongressionalAnalysis!$C21,KeyRaces!L$26:L$36) -> 0 | M26: =(L26-G26)*100 -> 0 | N26: =SUMIF(KeyRaces!$B$26:$B$36,CongressionalAnalysis!$C21,KeyRaces!N$26:N$36) -> 0 | O26: =SUMIF(KeyRaces!$B$26:$B$36,CongressionalAnalysis!$C21,KeyRaces!O$26:O$36) -> 0 | P26: =SUMIF(KeyRaces!$B$26:$B$36,CongressionalAnalysis!$C21,KeyRaces!P$26:P$36) -> 0 | Q26: =SUMIF(KeyRaces!$B$26:$B$36,CongressionalAnalysis!$C21,KeyRaces!Q$26:Q$36) -> 0 | R26: =(Q26-$G26)*100 -> 0 | S26: =SUMIF(KeyRaces!$B$26:$B$36,CongressionalAnalysis!$C21,KeyRaces!S$26:S$36) -> 0 | T26: =SUMIF(KeyRaces!$B$26:$B$36,CongressionalAnalysis!$C21,KeyRaces!T$26:T$36) -> 0 | U26: =SUMIF(KeyRaces!$B$26:$B$36,CongressionalAnalysis!$C21,KeyRaces!U$26:U$36) -> 0 | V26: =SUMIF(KeyRaces!$B$26:$B$36,CongressionalAnalysis!$C21,KeyRaces!V$26:V$36) -> 0 | W26: =SUMIF(KeyRaces!$B$26:$B$36,CongressionalAnalysis!$C21,KeyRaces!W$26:W$36) -> 0 | X26: =SUMIF(KeyRaces!$B$26:$B$36,CongressionalAnalysis!$C21,KeyRaces!X$26:X$36) -> 0 | Y26: =SUMIF(KeyRaces!$B$26:$B$36,CongressionalAnalysis!$C21,KeyRaces!Y$26:Y$36) -> 0 | Z26: =SUMIF(KeyRaces!$B$26:$B$36,CongressionalAnalysis!$C21,KeyRaces!Z$26:Z$36) -> 0 | ... AN26: =SUMIF(KeyRaces!$B$26:$B$36,CongressionalAnalysis!$C21,KeyRaces!AN$26:AN$36) -> 0
C27: Independent | D27: =AJ27 -> 9946 | E27: =AK27 -> 0.069717722 | F27: =SUMIF(KeyRaces!$B$26:$B$36,CongressionalAnalysis!$C22,KeyRaces!E$26:E$36) -> 4832 | G27: =SUMIF(KeyRaces!$B$26:$B$36,CongressionalAnalysis!$C22,KeyRaces!F$26:F$36) -> 0.0657 | H27: =D27-F27 -> 5114 | I27: =H27/SUM(H24:H27) -> 0.074046188 | J27: =I27-G27 -> 0.0083461884 | K27: =SUMIF(KeyRaces!$B$26:$B$36,CongressionalAnalysis!$C22,KeyRaces!K$26:K$36) -> 6043 | L27: =SUMIF(KeyRaces!$B$26:$B$36,CongressionalAnalysis!$C22,KeyRaces!L$26:L$36) -> 0.0662 | M27: =(L27-G27)*100 -> 0.05 | N27: =SUMIF(KeyRaces!$B$26:$B$36,CongressionalAnalysis!$C22,KeyRaces!N$26:N$36) -> 1211 | O27: =SUMIF(KeyRaces!$B$26:$B$36,CongressionalAnalysis!$C22,KeyRaces!O$26:O$36) -> 0.0687 | P27: =SUMIF(KeyRaces!$B$26:$B$36,CongressionalAnalysis!$C22,KeyRaces!P$26:P$36) -> 7056 | Q27: =SUMIF(KeyRaces!$B$26:$B$36,CongressionalAnalysis!$C22,KeyRaces!Q$26:Q$36) -> 0.067786189 | R27: =(Q27-$G27)*100 -> 0.20861891 | S27: =SUMIF(KeyRaces!$B$26:$B$36,CongressionalAnalysis!$C22,KeyRaces!S$26:S$36) -> 1013 | T27: =SUMIF(KeyRaces!$B$26:$B$36,CongressionalAnalysis!$C22,KeyRaces!T$26:T$36) -> 0.078387371 | U27: =SUMIF(KeyRaces!$B$26:$B$36,CongressionalAnalysis!$C22,KeyRaces!U$26:U$36) -> 9180 | V27: =SUMIF(KeyRaces!$B$26:$B$36,CongressionalAnalysis!$C22,KeyRaces!V$26:V$36) -> 0.069083849 | W27: =SUMIF(KeyRaces!$B$26:$B$36,CongressionalAnalysis!$C22,KeyRaces!W$26:W$36) -> 0.33 | X27: =SUMIF(KeyRaces!$B$26:$B$36,CongressionalAnalysis!$C22,KeyRaces!X$26:X$36) -> 2124 | Y27: =SUMIF(KeyRaces!$B$26:$B$36,CongressionalAnalysis!$C22,KeyRaces!Y$26:Y$36) -> 0.073775617 | Z27: =SUMIF(KeyRaces!$B$26:$B$36,CongressionalAnalysis!$C22,KeyRaces!Z$26:Z$36) -> 9739 | ... AN27: =SUMIF(KeyRaces!$B$26:$B$36,CongressionalAnalysis!$C22,KeyRaces!AN$26:AN$36) -> 0.10009533
B28: District 5 - Eastern WA | C28: Total Ballots | D28: =AJ28 -> 191653 | F28: =KeyRaces!E37 -> 105659 | G28: =KeyRaces!F37 | H28: =D28-F28 -> 85994 | K28: =KeyRaces!K37 -> 119831 | L28: =KeyRaces!L37 | N28: =KeyRaces!N37 -> 14172 | O28: =KeyRaces!O37 | P28: =KeyRaces!P37 -> 136944 | Q28: =KeyRaces!Q37 | S28: =KeyRaces!S37 -> 17113 | T28: =KeyRaces!T37 | U28: =KeyRaces!U37 -> 142533 | V28: =KeyRaces!V37 | W28: =KeyRaces!W37 | X28: =KeyRaces!X37 -> 5589 | Y28: =KeyRaces!Y37 | Z28: =KeyRaces!Z37 -> 176966 | ... AN28: =KeyRaces!AN37 -> 0
C29: Democratic | D29: =AJ29 -> 56229 | E29: =AK29 -> 0.27535025 | F29: =SUMIF(KeyRaces!$B$38:$B$49,CongressionalAnalysis!$C24,KeyRaces!E$38:E$49) -> 33615 | G29: =SUMIF(KeyRaces!$B$38:$B$49,CongressionalAnalysis!$C24,KeyRaces!F$38:F$49) -> 0.2975 | H29: =D29-F29 -> 22614 | I29: =H29/SUM(H29:H32) -> 0.24811288 | J29: =I29-G29 -> -0.049387124 | K29: =SUMIF(KeyRaces!$B$38:$B$49,CongressionalAnalysis!$C24,KeyRaces!K$38:K$49) -> 37720 | L29: =SUMIF(KeyRaces!$B$38:$B$49,CongressionalAnalysis!$C24,KeyRaces!L$38:L$49) -> 0.2971 | M29: =(L29-G29)*100 -> -0.04 | N29: =SUMIF(KeyRaces!$B$38:$B$49,CongressionalAnalysis!$C24,KeyRaces!N$38:N$49) -> 4105 | O29: =SUMIF(KeyRaces!$B$38:$B$49,CongressionalAnalysis!$C24,KeyRaces!O$38:O$49) -> 0.2935 | P29: =SUMIF(KeyRaces!$B$38:$B$49,CongressionalAnalysis!$C24,KeyRaces!P$38:P$49) -> 41779 | Q29: =SUMIF(KeyRaces!$B$38:$B$49,CongressionalAnalysis!$C24,KeyRaces!Q$38:Q$49) -> 0.29042439 | R29: =(Q29-$G29)*100 -> -0.70756143 | S29: =SUMIF(KeyRaces!$B$38:$B$49,CongressionalAnalysis!$C24,KeyRaces!S$38:S$49) -> 4059 | T29: =SUMIF(KeyRaces!$B$38:$B$49,CongressionalAnalysis!$C24,KeyRaces!T$38:T$49) -> 0.2405761 | U29: =SUMIF(KeyRaces!$B$38:$B$49,CongressionalAnalysis!$C24,KeyRaces!U$38:U$49) -> 43853 | V29: =SUMIF(KeyRaces!$B$38:$B$49,CongressionalAnalysis!$C24,KeyRaces!V$38:V$49) -> 0.28876305 | W29: =SUMIF(KeyRaces!$B$38:$B$49,CongressionalAnalysis!$C24,KeyRaces!W$38:W$49) -> -0.87 | X29: =SUMIF(KeyRaces!$B$38:$B$49,CongressionalAnalysis!$C24,KeyRaces!X$38:X$49) -> 2074 | Y29: =SUMIF(KeyRaces!$B$38:$B$49,CongressionalAnalysis!$C24,KeyRaces!Y$38:Y$49) -> 0.25892634 | Z29: =SUMIF(KeyRaces!$B$38:$B$49,CongressionalAnalysis!$C24,KeyRaces!Z$38:Z$49) -> 52138 | ... AN29: =SUMIF(KeyRaces!$B$38:$B$49,CongressionalAnalysis!$C24,KeyRaces!AN$38:AN$49) -> 0.22925338
C30: Republican | D30: =AJ30 -> 96791 | E30: =AK30 -> 0.47398009 | F30: =SUMIF(KeyRaces!$B$38:$B$49,CongressionalAnalysis!$C25,KeyRaces!E$38:E$49) -> 54205 | G30: =SUMIF(KeyRaces!$B$38:$B$49,CongressionalAnalysis!$C25,KeyRaces!F$38:F$49) -> 0.4797 | H30: =D30-F30 -> 42586 | I30: =H30/SUM(H29:H32) -> 0.46723866 | J30: =I30-G30 -> -0.012461345 | K30: =SUMIF(KeyRaces!$B$38:$B$49,CongressionalAnalysis!$C25,KeyRaces!K$38:K$49) -> 60162 | L30: =SUMIF(KeyRaces!$B$38:$B$49,CongressionalAnalysis!$C25,KeyRaces!L$38:L$49) -> 0.4738 | M30: =(L30-G30)*100 -> -0.59 | N30: =SUMIF(KeyRaces!$B$38:$B$49,CongressionalAnalysis!$C25,KeyRaces!N$38:N$49) -> 5957 | O30: =SUMIF(KeyRaces!$B$38:$B$49,CongressionalAnalysis!$C25,KeyRaces!O$38:O$49) -> 0.4259 | P30: =SUMIF(KeyRaces!$B$38:$B$49,CongressionalAnalysis!$C25,KeyRaces!P$38:P$49) -> 67958 | Q30: =SUMIF(KeyRaces!$B$38:$B$49,CongressionalAnalysis!$C25,KeyRaces!Q$38:Q$49) -> 0.47240624 | R30: =(Q30-$G30)*100 -> -0.72937576 | S30: =SUMIF(KeyRaces!$B$38:$B$49,CongressionalAnalysis!$C25,KeyRaces!S$38:S$49) -> 7796 | T30: =SUMIF(KeyRaces!$B$38:$B$49,CongressionalAnalysis!$C25,KeyRaces!T$38:T$49) -> 0.46206733 | U30: =SUMIF(KeyRaces!$B$38:$B$49,CongressionalAnalysis!$C25,KeyRaces!U$38:U$49) -> 71884 | V30: =SUMIF(KeyRaces!$B$38:$B$49,CongressionalAnalysis!$C25,KeyRaces!V$38:V$49) -> 0.47334145 | W30: =SUMIF(KeyRaces!$B$38:$B$49,CongressionalAnalysis!$C25,KeyRaces!W$38:W$49) -> -0.64 | X30: =SUMIF(KeyRaces!$B$38:$B$49,CongressionalAnalysis!$C25,KeyRaces!X$38:X$49) -> 3926 | Y30: =SUMIF(KeyRaces!$B$38:$B$49,CongressionalAnalysis!$C25,KeyRaces!Y$38:Y$49) -> 0.49013733 | Z30: =SUMIF(KeyRaces!$B$38:$B$49,CongressionalAnalysis!$C25,KeyRaces!Z$38:Z$49) -> 86733 | ... AN30: =SUMIF(KeyRaces!$B$38:$B$49,CongressionalAnalysis!$C25,KeyRaces!AN$38:AN$49) -> 0.55593307
C31: DSA | D31: =AJ31 -> 9048 | E31: =AK31 -> 0.044307548 | F31: =SUMIF(KeyRaces!$B$38:$B$49,CongressionalAnalysis!$C26,KeyRaces!E$38:E$49) -> 4089 | G31: =SUMIF(KeyRaces!$B$38:$B$49,CongressionalAnalysis!$C26,KeyRaces!F$38:F$49) -> 0.0362 | H31: =D31-F31 -> 4959 | I31: =H31/SUM(H29:H32) -> 0.054408409 | J31: =I31-G31 -> 0.018208409 | K31: =SUMIF(KeyRaces!$B$38:$B$49,CongressionalAnalysis!$C26,KeyRaces!K$38:K$49) -> 4851 | L31: =SUMIF(KeyRaces!$B$38:$B$49,CongressionalAnalysis!$C26,KeyRaces!L$38:L$49) -> 0.0382 | M31: =(L31-G31)*100 -> 0.2 | N31: =SUMIF(KeyRaces!$B$38:$B$49,CongressionalAnalysis!$C26,KeyRaces!N$38:N$49) -> 762 | O31: =SUMIF(KeyRaces!$B$38:$B$49,CongressionalAnalysis!$C26,KeyRaces!O$38:O$49) -> 0.0545 | P31: =SUMIF(KeyRaces!$B$38:$B$49,CongressionalAnalysis!$C26,KeyRaces!P$38:P$49) -> 5863 | Q31: =SUMIF(KeyRaces!$B$38:$B$49,CongressionalAnalysis!$C26,KeyRaces!Q$38:Q$49) -> 0.040756317 | R31: =(Q31-$G31)*100 -> 0.45563171 | S31: =SUMIF(KeyRaces!$B$38:$B$49,CongressionalAnalysis!$C26,KeyRaces!S$38:S$49) -> 1012 | T31: =SUMIF(KeyRaces!$B$38:$B$49,CongressionalAnalysis!$C26,KeyRaces!T$38:T$49) -> 0.059981034 | U31: =SUMIF(KeyRaces!$B$38:$B$49,CongressionalAnalysis!$C26,KeyRaces!U$38:U$49) -> 6192 | V31: =SUMIF(KeyRaces!$B$38:$B$49,CongressionalAnalysis!$C26,KeyRaces!V$38:V$49) -> 0.040773055 | W31: =SUMIF(KeyRaces!$B$38:$B$49,CongressionalAnalysis!$C26,KeyRaces!W$38:W$49) -> 0.46 | X31: =SUMIF(KeyRaces!$B$38:$B$49,CongressionalAnalysis!$C26,KeyRaces!X$38:X$49) -> 329 | Y31: =SUMIF(KeyRaces!$B$38:$B$49,CongressionalAnalysis!$C26,KeyRaces!Y$38:Y$49) -> 0.041073658 | Z31: =SUMIF(KeyRaces!$B$38:$B$49,CongressionalAnalysis!$C26,KeyRaces!Z$38:Z$49) -> 8419 | ... AN31: =SUMIF(KeyRaces!$B$38:$B$49,CongressionalAnalysis!$C26,KeyRaces!AN$38:AN$49) -> 0.02862482
C32: Independent | D32: =AJ32 -> 41969 | E32: =AK32 -> 0.20551984 | F32: =SUMIF(KeyRaces!$B$38:$B$49,CongressionalAnalysis!$C27,KeyRaces!E$38:E$49) -> 20984 | G32: =SUMIF(KeyRaces!$B$38:$B$49,CongressionalAnalysis!$C27,KeyRaces!F$38:F$49) -> 0.1858 | H32: =D32-F32 -> 20985 | I32: =H32/SUM(H29:H32) -> 0.23024006 | J32: =I32-G32 -> 0.04444006 | K32: =SUMIF(KeyRaces!$B$38:$B$49,CongressionalAnalysis!$C27,KeyRaces!K$38:K$49) -> 24133 | L32: =SUMIF(KeyRaces!$B$38:$B$49,CongressionalAnalysis!$C27,KeyRaces!L$38:L$49) -> 0.19 | M32: =(L32-G32)*100 -> 0.42 | N32: =SUMIF(KeyRaces!$B$38:$B$49,CongressionalAnalysis!$C27,KeyRaces!N$38:N$49) -> 3149 | O32: =SUMIF(KeyRaces!$B$38:$B$49,CongressionalAnalysis!$C27,KeyRaces!O$38:O$49) -> 0.2252 | P32: =SUMIF(KeyRaces!$B$38:$B$49,CongressionalAnalysis!$C27,KeyRaces!P$38:P$49) -> 28125 | Q32: =SUMIF(KeyRaces!$B$38:$B$49,CongressionalAnalysis!$C27,KeyRaces!Q$38:Q$49) -> 0.19550937 | R32: =(Q32-$G32)*100 -> 0.97093671 | S32: =SUMIF(KeyRaces!$B$38:$B$49,CongressionalAnalysis!$C27,KeyRaces!S$38:S$49) -> 3992 | T32: =SUMIF(KeyRaces!$B$38:$B$49,CongressionalAnalysis!$C27,KeyRaces!T$38:T$49) -> 0.23660503 | U32: =SUMIF(KeyRaces!$B$38:$B$49,CongressionalAnalysis!$C27,KeyRaces!U$38:U$49) -> 29802 | V32: =SUMIF(KeyRaces!$B$38:$B$49,CongressionalAnalysis!$C27,KeyRaces!V$38:V$49) -> 0.19624008 | W32: =SUMIF(KeyRaces!$B$38:$B$49,CongressionalAnalysis!$C27,KeyRaces!W$38:W$49) -> 1.04 | X32: =SUMIF(KeyRaces!$B$38:$B$49,CongressionalAnalysis!$C27,KeyRaces!X$38:X$49) -> 1677 | Y32: =SUMIF(KeyRaces!$B$38:$B$49,CongressionalAnalysis!$C27,KeyRaces!Y$38:Y$49) -> 0.2093633 | Z32: =SUMIF(KeyRaces!$B$38:$B$49,CongressionalAnalysis!$C27,KeyRaces!Z$38:Z$49) -> 38378 | ... AN32: =SUMIF(KeyRaces!$B$38:$B$49,CongressionalAnalysis!$C27,KeyRaces!AN$38:AN$49) -> 0.18516946
B33: District 6 - Tacoma + Peninsula | C33: Total Ballots | D33: =AJ33 -> 213145 | F33: =KeyRaces!E50 -> 115692 | G33: =KeyRaces!F50 | H33: =D33-F33 -> 97453 | K33: =KeyRaces!K50 -> 135916 | L33: =KeyRaces!L50 | N33: =KeyRaces!N50 -> 20224 | O33: =KeyRaces!O50 | P33: =KeyRaces!P50 -> 161351 | Q33: =KeyRaces!Q50 | S33: =KeyRaces!S50 -> 25435 | T33: =KeyRaces!T50 | U33: =KeyRaces!U50 -> 180355 | V33: =KeyRaces!V50 | W33: =KeyRaces!W50 | X33: =KeyRaces!X50 -> 19004 | Y33: =KeyRaces!Y50 | Z33: =KeyRaces!Z50 -> 192660 | ... AN33: =KeyRaces!AN50 -> 0
C34: Democratic | D34: =AJ34 -> 132805 | E34: =AK34 -> 0.58773157 | F34: =SUMIF(KeyRaces!$B$51:$B$55,CongressionalAnalysis!$C29,KeyRaces!E$51:E$55) -> 74078 | G34: =SUMIF(KeyRaces!$B$51:$B$55,CongressionalAnalysis!$C29,KeyRaces!F$51:F$55) -> 0.6024 | H34: =D34-F34 -> 58727 | I34: =H34/SUM(H34:H37) -> 0.57060824 | J34: =I34-G34 -> -0.031791761 | K34: =SUMIF(KeyRaces!$B$51:$B$55,CongressionalAnalysis!$C29,KeyRaces!K$51:K$55) -> 86774 | L34: =SUMIF(KeyRaces!$B$51:$B$55,CongressionalAnalysis!$C29,KeyRaces!L$51:L$55) -> 0.6071 | M34: =(L34-G34)*100 -> 0.47 | N34: =SUMIF(KeyRaces!$B$51:$B$55,CongressionalAnalysis!$C29,KeyRaces!N$51:N$55) -> 12696 | O34: =SUMIF(KeyRaces!$B$51:$B$55,CongressionalAnalysis!$C29,KeyRaces!O$51:O$55) -> 0.6358 | P34: =SUMIF(KeyRaces!$B$51:$B$55,CongressionalAnalysis!$C29,KeyRaces!P$51:P$55) -> 105695 | Q34: =SUMIF(KeyRaces!$B$51:$B$55,CongressionalAnalysis!$C29,KeyRaces!Q$51:Q$55) -> 0.61031874 | R34: =(Q34-$G34)*100 -> 0.79187435 | S34: =SUMIF(KeyRaces!$B$51:$B$55,CongressionalAnalysis!$C29,KeyRaces!S$51:S$55) -> 18921 | T34: =SUMIF(KeyRaces!$B$51:$B$55,CongressionalAnalysis!$C29,KeyRaces!T$51:T$55) -> 0.62565307 | U34: =SUMIF(KeyRaces!$B$51:$B$55,CongressionalAnalysis!$C29,KeyRaces!U$51:U$55) -> 116632 | V34: =SUMIF(KeyRaces!$B$51:$B$55,CongressionalAnalysis!$C29,KeyRaces!V$51:V$55) -> 0.60774955 | W34: =SUMIF(KeyRaces!$B$51:$B$55,CongressionalAnalysis!$C29,KeyRaces!W$51:W$55) -> 0.53 | X34: =SUMIF(KeyRaces!$B$51:$B$55,CongressionalAnalysis!$C29,KeyRaces!X$51:X$55) -> 10937 | Y34: =SUMIF(KeyRaces!$B$51:$B$55,CongressionalAnalysis!$C29,KeyRaces!Y$51:Y$55) -> 0.58399188 | Z34: =SUMIF(KeyRaces!$B$51:$B$55,CongressionalAnalysis!$C29,KeyRaces!Z$51:Z$55) -> 123571 | ... AN34: =SUMIF(KeyRaces!$B$51:$B$55,CongressionalAnalysis!$C29,KeyRaces!AN$51:AN$55) -> 0.48676558
C35: Republican | D35: =AJ35 -> 79665 | E35: =AK35 -> 0.35255928 | F35: =SUMIF(KeyRaces!$B$51:$B$55,CongressionalAnalysis!$C30,KeyRaces!E$51:E$55) -> 42354 | G35: =SUMIF(KeyRaces!$B$51:$B$55,CongressionalAnalysis!$C30,KeyRaces!F$51:F$55) -> 0.3444 | H35: =D35-F35 -> 37311 | I35: =H35/SUM(H34:H37) -> 0.36252429 | J35: =I35-G35 -> 0.018124291 | K35: =SUMIF(KeyRaces!$B$51:$B$55,CongressionalAnalysis!$C30,KeyRaces!K$51:K$55) -> 48369 | L35: =SUMIF(KeyRaces!$B$51:$B$55,CongressionalAnalysis!$C30,KeyRaces!L$51:L$55) -> 0.3383 | M35: =(L35-G35)*100 -> -0.61 | N35: =SUMIF(KeyRaces!$B$51:$B$55,CongressionalAnalysis!$C30,KeyRaces!N$51:N$55) -> 6015 | O35: =SUMIF(KeyRaces!$B$51:$B$55,CongressionalAnalysis!$C30,KeyRaces!O$51:O$55) -> 0.3012 | P35: =SUMIF(KeyRaces!$B$51:$B$55,CongressionalAnalysis!$C30,KeyRaces!P$51:P$55) -> 57576 | Q35: =SUMIF(KeyRaces!$B$51:$B$55,CongressionalAnalysis!$C30,KeyRaces!Q$51:Q$55) -> 0.33246333 | R35: =(Q35-$G35)*100 -> -1.1936667 | S35: =SUMIF(KeyRaces!$B$51:$B$55,CongressionalAnalysis!$C30,KeyRaces!S$51:S$55) -> 9207 | T35: =SUMIF(KeyRaces!$B$51:$B$55,CongressionalAnalysis!$C30,KeyRaces!T$51:T$55) -> 0.30444415 | U35: =SUMIF(KeyRaces!$B$51:$B$55,CongressionalAnalysis!$C30,KeyRaces!U$51:U$55) -> 64131 | V35: =SUMIF(KeyRaces!$B$51:$B$55,CongressionalAnalysis!$C30,KeyRaces!V$51:V$55) -> 0.33417575 | W35: =SUMIF(KeyRaces!$B$51:$B$55,CongressionalAnalysis!$C30,KeyRaces!W$51:W$55) -> -1.02 | X35: =SUMIF(KeyRaces!$B$51:$B$55,CongressionalAnalysis!$C30,KeyRaces!X$51:X$55) -> 6555 | Y35: =SUMIF(KeyRaces!$B$51:$B$55,CongressionalAnalysis!$C30,KeyRaces!Y$51:Y$55) -> 0.35001068 | Z35: =SUMIF(KeyRaces!$B$51:$B$55,CongressionalAnalysis!$C30,KeyRaces!Z$51:Z$55) -> 69749 | ... AN35: =SUMIF(KeyRaces!$B$51:$B$55,CongressionalAnalysis!$C30,KeyRaces!AN$51:AN$55) -> 0.43691395
C36: DSA | D36: =AJ36 -> 0 | E36: =AK36 -> 0 | F36: =SUMIF(KeyRaces!$B$51:$B$55,CongressionalAnalysis!$C31,KeyRaces!E$51:E$55) -> 0 | G36: =SUMIF(KeyRaces!$B$51:$B$55,CongressionalAnalysis!$C31,KeyRaces!F$51:F$55) -> 0 | H36: =D36-F36 -> 0 | I36: =H36/SUM(H34:H37) -> 0 | J36: =I36-G36 -> 0 | K36: =SUMIF(KeyRaces!$B$51:$B$55,CongressionalAnalysis!$C31,KeyRaces!K$51:K$55) -> 0 | L36: =SUMIF(KeyRaces!$B$51:$B$55,CongressionalAnalysis!$C31,KeyRaces!L$51:L$55) -> 0 | M36: =(L36-G36)*100 -> 0 | N36: =SUMIF(KeyRaces!$B$51:$B$55,CongressionalAnalysis!$C31,KeyRaces!N$51:N$55) -> 0 | O36: =SUMIF(KeyRaces!$B$51:$B$55,CongressionalAnalysis!$C31,KeyRaces!O$51:O$55) -> 0 | P36: =SUMIF(KeyRaces!$B$51:$B$55,CongressionalAnalysis!$C31,KeyRaces!P$51:P$55) -> 0 | Q36: =SUMIF(KeyRaces!$B$51:$B$55,CongressionalAnalysis!$C31,KeyRaces!Q$51:Q$55) -> 0 | R36: =(Q36-$G36)*100 -> 0 | S36: =SUMIF(KeyRaces!$B$51:$B$55,CongressionalAnalysis!$C31,KeyRaces!S$51:S$55) -> 0 | T36: =SUMIF(KeyRaces!$B$51:$B$55,CongressionalAnalysis!$C31,KeyRaces!T$51:T$55) -> 0 | U36: =SUMIF(KeyRaces!$B$51:$B$55,CongressionalAnalysis!$C31,KeyRaces!U$51:U$55) -> 0 | V36: =SUMIF(KeyRaces!$B$51:$B$55,CongressionalAnalysis!$C31,KeyRaces!V$51:V$55) -> 0 | W36: =SUMIF(KeyRaces!$B$51:$B$55,CongressionalAnalysis!$C31,KeyRaces!W$51:W$55) -> 0 | X36: =SUMIF(KeyRaces!$B$51:$B$55,CongressionalAnalysis!$C31,KeyRaces!X$51:X$55) -> 0 | Y36: =SUMIF(KeyRaces!$B$51:$B$55,CongressionalAnalysis!$C31,KeyRaces!Y$51:Y$55) -> 0 | Z36: =SUMIF(KeyRaces!$B$51:$B$55,CongressionalAnalysis!$C31,KeyRaces!Z$51:Z$55) -> 0 | ... AN36: =SUMIF(KeyRaces!$B$51:$B$55,CongressionalAnalysis!$C31,KeyRaces!AN$51:AN$55) -> 0
C37: Independent | D37: =AJ37 -> 13351 | E37: =AK37 -> 0.059085156 | F37: =SUMIF(KeyRaces!$B$51:$B$55,CongressionalAnalysis!$C32,KeyRaces!E$51:E$55) -> 6469 | G37: =SUMIF(KeyRaces!$B$51:$B$55,CongressionalAnalysis!$C32,KeyRaces!F$51:F$55) -> 0.0526 | H37: =D37-F37 -> 6882 | I37: =H37/SUM(H34:H37) -> 0.06686747 | J37: =I37-G37 -> 0.01426747 | K37: =SUMIF(KeyRaces!$B$51:$B$55,CongressionalAnalysis!$C32,KeyRaces!K$51:K$55) -> 7712 | L37: =SUMIF(KeyRaces!$B$51:$B$55,CongressionalAnalysis!$C32,KeyRaces!L$51:L$55) -> 0.054 | M37: =(L37-G37)*100 -> 0.14 | N37: =SUMIF(KeyRaces!$B$51:$B$55,CongressionalAnalysis!$C32,KeyRaces!N$51:N$55) -> 1243 | O37: =SUMIF(KeyRaces!$B$51:$B$55,CongressionalAnalysis!$C32,KeyRaces!O$51:O$55) -> 0.0623 | P37: =SUMIF(KeyRaces!$B$51:$B$55,CongressionalAnalysis!$C32,KeyRaces!P$51:P$55) -> 9806 | Q37: =SUMIF(KeyRaces!$B$51:$B$55,CongressionalAnalysis!$C32,KeyRaces!Q$51:Q$55) -> 0.056623167 | R37: =(Q37-$G37)*100 -> 0.40231666 | S37: =SUMIF(KeyRaces!$B$51:$B$55,CongressionalAnalysis!$C32,KeyRaces!S$51:S$55) -> 2094 | T37: =SUMIF(KeyRaces!$B$51:$B$55,CongressionalAnalysis!$C32,KeyRaces!T$51:T$55) -> 0.069241452 | U37: =SUMIF(KeyRaces!$B$51:$B$55,CongressionalAnalysis!$C32,KeyRaces!U$51:U$55) -> 11041 | V37: =SUMIF(KeyRaces!$B$51:$B$55,CongressionalAnalysis!$C32,KeyRaces!V$51:V$55) -> 0.057532776 | W37: =SUMIF(KeyRaces!$B$51:$B$55,CongressionalAnalysis!$C32,KeyRaces!W$51:W$55) -> 0.5 | X37: =SUMIF(KeyRaces!$B$51:$B$55,CongressionalAnalysis!$C32,KeyRaces!X$51:X$55) -> 1235 | Y37: =SUMIF(KeyRaces!$B$51:$B$55,CongressionalAnalysis!$C32,KeyRaces!Y$51:Y$55) -> 0.065944041 | Z37: =SUMIF(KeyRaces!$B$51:$B$55,CongressionalAnalysis!$C32,KeyRaces!Z$51:Z$55) -> 11914 | ... AN37: =SUMIF(KeyRaces!$B$51:$B$55,CongressionalAnalysis!$C32,KeyRaces!AN$51:AN$55) -> 0.07347181
B38: District 7 - Seattle | C38: Total Ballots | D38: =AJ38 -> 221294 | F38: =KeyRaces!E56 -> 103074 | G38: =KeyRaces!F56 | H38: =D38-F38 -> 118220 | K38: =KeyRaces!K56 -> 128406 | L38: =KeyRaces!L56 | N38: =KeyRaces!N56 -> 25332 | O38: =KeyRaces!O56 | P38: =KeyRaces!P56 -> 166558 | Q38: =KeyRaces!Q56 | S38: =KeyRaces!S56 -> 38152 | T38: =KeyRaces!T56 | U38: =KeyRaces!U56 -> 204458 | V38: =KeyRaces!V56 | W38: =KeyRaces!W56 | X38: =KeyRaces!X56 -> 37900 | Y38: =KeyRaces!Y56 | Z38: =KeyRaces!Z56 -> 218354 | ... AN38: =KeyRaces!AN56 -> 0
C39: Democratic | D39: =AJ39 -> 0 | E39: =AK39 -> 0 | F39: =SUMIF(KeyRaces!$B$57:$B$60,CongressionalAnalysis!$C34,KeyRaces!E$57:E$60) -> 0 | G39: =SUMIF(KeyRaces!$B$57:$B$60,CongressionalAnalysis!$C34,KeyRaces!F$57:F$60) -> 0 | H39: =D39-F39 -> 0 | I39: =H39/SUM(H39:H42) -> 0 | J39: =I39-G39 -> 0 | K39: =SUMIF(KeyRaces!$B$57:$B$60,CongressionalAnalysis!$C34,KeyRaces!K$57:K$60) -> 0 | L39: =SUMIF(KeyRaces!$B$57:$B$60,CongressionalAnalysis!$C34,KeyRaces!L$57:L$60) -> 0 | M39: =(L39-G39)*100 -> 0 | N39: =SUMIF(KeyRaces!$B$57:$B$60,CongressionalAnalysis!$C34,KeyRaces!N$57:N$60) -> 0 | O39: =SUMIF(KeyRaces!$B$57:$B$60,CongressionalAnalysis!$C34,KeyRaces!O$57:O$60) -> 0 | P39: =SUMIF(KeyRaces!$B$57:$B$60,CongressionalAnalysis!$C34,KeyRaces!P$57:P$60) -> 0 | Q39: =SUMIF(KeyRaces!$B$57:$B$60,CongressionalAnalysis!$C34,KeyRaces!Q$57:Q$60) -> 0 | R39: =(Q39-$G39)*100 -> 0 | S39: =SUMIF(KeyRaces!$B$57:$B$60,CongressionalAnalysis!$C34,KeyRaces!S$57:S$60) -> 0 | T39: =SUMIF(KeyRaces!$B$57:$B$60,CongressionalAnalysis!$C34,KeyRaces!T$57:T$60) -> 0 | U39: =SUMIF(KeyRaces!$B$57:$B$60,CongressionalAnalysis!$C34,KeyRaces!U$57:U$60) -> 0 | V39: =SUMIF(KeyRaces!$B$57:$B$60,CongressionalAnalysis!$C34,KeyRaces!V$57:V$60) -> 0 | W39: =SUMIF(KeyRaces!$B$57:$B$60,CongressionalAnalysis!$C34,KeyRaces!W$57:W$60) -> 0 | X39: =SUMIF(KeyRaces!$B$57:$B$60,CongressionalAnalysis!$C34,KeyRaces!X$57:X$60) -> 0 | Y39: =SUMIF(KeyRaces!$B$57:$B$60,CongressionalAnalysis!$C34,KeyRaces!Y$57:Y$60) -> 0 | Z39: =SUMIF(KeyRaces!$B$57:$B$60,CongressionalAnalysis!$C34,KeyRaces!Z$57:Z$60) -> 0 | ... AN39: =SUMIF(KeyRaces!$B$57:$B$60,CongressionalAnalysis!$C34,KeyRaces!AN$57:AN$60) -> 0
C40: Republican | D40: =AJ40 -> 21282 | E40: =AK40 -> 0.098190928 | F40: =SUMIF(KeyRaces!$B$57:$B$60,CongressionalAnalysis!$C35,KeyRaces!E$57:E$60) -> 10824 | G40: =SUMIF(KeyRaces!$B$57:$B$60,CongressionalAnalysis!$C35,KeyRaces!F$57:F$60) -> 0.1075 | H40: =D40-F40 -> 10458 | I40: =H40/SUM(H39:H42) -> 0.09039675 | J40: =I40-G40 -> -0.01710325 | K40: =SUMIF(KeyRaces!$B$57:$B$60,CongressionalAnalysis!$C35,KeyRaces!K$57:K$60) -> 13261 | L40: =SUMIF(KeyRaces!$B$57:$B$60,CongressionalAnalysis!$C35,KeyRaces!L$57:L$60) -> 0.1057 | M40: =(L40-G40)*100 -> -0.18 | N40: =SUMIF(KeyRaces!$B$57:$B$60,CongressionalAnalysis!$C35,KeyRaces!N$57:N$60) -> 2437 | O40: =SUMIF(KeyRaces!$B$57:$B$60,CongressionalAnalysis!$C35,KeyRaces!O$57:O$60) -> 0.0984 | P40: =SUMIF(KeyRaces!$B$57:$B$60,CongressionalAnalysis!$C35,KeyRaces!P$57:P$60) -> 16757 | Q40: =SUMIF(KeyRaces!$B$57:$B$60,CongressionalAnalysis!$C35,KeyRaces!Q$57:Q$60) -> 0.10288132 | R40: =(Q40-$G40)*100 -> -0.46186847 | S40: =SUMIF(KeyRaces!$B$57:$B$60,CongressionalAnalysis!$C35,KeyRaces!S$57:S$60) -> 3496 | T40: =SUMIF(KeyRaces!$B$57:$B$60,CongressionalAnalysis!$C35,KeyRaces!T$57:T$60) -> 0.093383551 | U40: =SUMIF(KeyRaces!$B$57:$B$60,CongressionalAnalysis!$C35,KeyRaces!U$57:U$60) -> 19593 | V40: =SUMIF(KeyRaces!$B$57:$B$60,CongressionalAnalysis!$C35,KeyRaces!V$57:V$60) -> 0.097960592 | W40: =SUMIF(KeyRaces!$B$57:$B$60,CongressionalAnalysis!$C35,KeyRaces!W$57:W$60) -> -0.95 | X40: =SUMIF(KeyRaces!$B$57:$B$60,CongressionalAnalysis!$C35,KeyRaces!X$57:X$60) -> 2836 | Y40: =SUMIF(KeyRaces!$B$57:$B$60,CongressionalAnalysis!$C35,KeyRaces!Y$57:Y$60) -> 0.076376171 | Z40: =SUMIF(KeyRaces!$B$57:$B$60,CongressionalAnalysis!$C35,KeyRaces!Z$57:Z$60) -> 20968 | ... AN40: =SUMIF(KeyRaces!$B$57:$B$60,CongressionalAnalysis!$C35,KeyRaces!AN$57:AN$60) -> 0.070609003
C41: DSA | D41: =AJ41 -> 190363 | E41: =AK41 -> 0.87829714 | F41: =SUMIF(KeyRaces!$B$57:$B$60,CongressionalAnalysis!$C36,KeyRaces!E$57:E$60) -> 86979 | G41: =SUMIF(KeyRaces!$B$57:$B$60,CongressionalAnalysis!$C36,KeyRaces!F$57:F$60) -> 0.864 | H41: =D41-F41 -> 103384 | I41: =H41/SUM(H39:H42) -> 0.89362953 | J41: =I41-G41 -> 0.029629527 | K41: =SUMIF(KeyRaces!$B$57:$B$60,CongressionalAnalysis!$C36,KeyRaces!K$57:K$60) -> 108798 | L41: =SUMIF(KeyRaces!$B$57:$B$60,CongressionalAnalysis!$C36,KeyRaces!L$57:L$60) -> 0.8674 | M41: =(L41-G41)*100 -> 0.34 | N41: =SUMIF(KeyRaces!$B$57:$B$60,CongressionalAnalysis!$C36,KeyRaces!N$57:N$60) -> 21819 | O41: =SUMIF(KeyRaces!$B$57:$B$60,CongressionalAnalysis!$C36,KeyRaces!O$57:O$60) -> 0.8809 | P41: =SUMIF(KeyRaces!$B$57:$B$60,CongressionalAnalysis!$C36,KeyRaces!P$57:P$60) -> 141993 | Q41: =SUMIF(KeyRaces!$B$57:$B$60,CongressionalAnalysis!$C36,KeyRaces!Q$57:Q$60) -> 0.87178055 | R41: =(Q41-$G41)*100 -> 0.77805461 | S41: =SUMIF(KeyRaces!$B$57:$B$60,CongressionalAnalysis!$C36,KeyRaces!S$57:S$60) -> 33195 | T41: =SUMIF(KeyRaces!$B$57:$B$60,CongressionalAnalysis!$C36,KeyRaces!T$57:T$60) -> 0.88668964 | U41: =SUMIF(KeyRaces!$B$57:$B$60,CongressionalAnalysis!$C36,KeyRaces!U$57:U$60) -> 175681 | V41: =SUMIF(KeyRaces!$B$57:$B$60,CongressionalAnalysis!$C36,KeyRaces!V$57:V$60) -> 0.87836547 | W41: =SUMIF(KeyRaces!$B$57:$B$60,CongressionalAnalysis!$C36,KeyRaces!W$57:W$60) -> 1.44 | X41: =SUMIF(KeyRaces!$B$57:$B$60,CongressionalAnalysis!$C36,KeyRaces!X$57:X$60) -> 33688 | Y41: =SUMIF(KeyRaces!$B$57:$B$60,CongressionalAnalysis!$C36,KeyRaces!Y$57:Y$60) -> 0.90724981 | Z41: =SUMIF(KeyRaces!$B$57:$B$60,CongressionalAnalysis!$C36,KeyRaces!Z$57:Z$60) -> 187617 | ... AN41: =SUMIF(KeyRaces!$B$57:$B$60,CongressionalAnalysis!$C36,KeyRaces!AN$57:AN$60) -> 0.91129744
C42: Independent | D42: =AJ42 -> 4294 | E42: =AK42 -> 0.019811665 | F42: =SUMIF(KeyRaces!$B$57:$B$60,CongressionalAnalysis!$C37,KeyRaces!E$57:E$60) -> 2446 | G42: =SUMIF(KeyRaces!$B$57:$B$60,CongressionalAnalysis!$C37,KeyRaces!F$57:F$60) -> 0.0243 | H42: =D42-F42 -> 1848 | I42: =H42/SUM(H39:H42) -> 0.015973723 | J42: =I42-G42 -> -0.0083262771 | K42: =SUMIF(KeyRaces!$B$57:$B$60,CongressionalAnalysis!$C37,KeyRaces!K$57:K$60) -> 2905 | L42: =SUMIF(KeyRaces!$B$57:$B$60,CongressionalAnalysis!$C37,KeyRaces!L$57:L$60) -> 0.0232 | M42: =(L42-G42)*100 -> -0.11 | N42: =SUMIF(KeyRaces!$B$57:$B$60,CongressionalAnalysis!$C37,KeyRaces!N$57:N$60) -> 459 | O42: =SUMIF(KeyRaces!$B$57:$B$60,CongressionalAnalysis!$C37,KeyRaces!O$57:O$60) -> 0.0185 | P42: =SUMIF(KeyRaces!$B$57:$B$60,CongressionalAnalysis!$C37,KeyRaces!P$57:P$60) -> 3516 | Q42: =SUMIF(KeyRaces!$B$57:$B$60,CongressionalAnalysis!$C37,KeyRaces!Q$57:Q$60) -> 0.021586842 | R42: =(Q42-$G42)*100 -> -0.27131584 | S42: =SUMIF(KeyRaces!$B$57:$B$60,CongressionalAnalysis!$C37,KeyRaces!S$57:S$60) -> 611 | T42: =SUMIF(KeyRaces!$B$57:$B$60,CongressionalAnalysis!$C37,KeyRaces!T$57:T$60) -> 0.016320752 | U42: =SUMIF(KeyRaces!$B$57:$B$60,CongressionalAnalysis!$C37,KeyRaces!U$57:U$60) -> 3975 | V42: =SUMIF(KeyRaces!$B$57:$B$60,CongressionalAnalysis!$C37,KeyRaces!V$57:V$60) -> 0.019874106 | W42: =SUMIF(KeyRaces!$B$57:$B$60,CongressionalAnalysis!$C37,KeyRaces!W$57:W$60) -> -0.44 | X42: =SUMIF(KeyRaces!$B$57:$B$60,CongressionalAnalysis!$C37,KeyRaces!X$57:X$60) -> 459 | Y42: =SUMIF(KeyRaces!$B$57:$B$60,CongressionalAnalysis!$C37,KeyRaces!Y$57:Y$60) -> 0.012361306 | Z42: =SUMIF(KeyRaces!$B$57:$B$60,CongressionalAnalysis!$C37,KeyRaces!Z$57:Z$60) -> 4249 | ... AN42: =SUMIF(KeyRaces!$B$57:$B$60,CongressionalAnalysis!$C37,KeyRaces!AN$57:AN$60) -> 0.012356575
B43: District 8 - Over the Mountains | C43: Total Ballots | D43: =AJ43 -> 194321 | F43: =KeyRaces!E61 -> 111573 | G43: =KeyRaces!F61 | H43: =D43-F43 -> 82748 | K43: =KeyRaces!K61 -> 137605 | L43: =KeyRaces!L61 | N43: =KeyRaces!N61 -> 26032 | O43: =KeyRaces!O61 | P43: =KeyRaces!P61 -> 163288 | Q43: =KeyRaces!Q61 | S43: =KeyRaces!S61 -> 25683 | T43: =KeyRaces!T61 | U43: =KeyRaces!U61 -> 183242 | V43: =KeyRaces!V61 | W43: =KeyRaces!W61 | X43: =KeyRaces!X61 -> 19954 | Y43: =KeyRaces!Y61 | Z43: =KeyRaces!Z61 -> 189509 | ... AN43: =KeyRaces!AN61 -> 0
C44: Democratic | D44: =AJ44 -> 102853 | E44: =AK44 -> 0.53685309 | F44: =SUMIF(KeyRaces!$B$62:$B$67,CongressionalAnalysis!$C39,KeyRaces!E$62:E$67) -> 59340 | G44: =SUMIF(KeyRaces!$B$62:$B$67,CongressionalAnalysis!$C39,KeyRaces!F$62:F$67) -> 0.54 | H44: =D44-F44 -> 43513 | I44: =H44/SUM(H44:H47) -> 0.53386909 | J44: =I44-G44 -> -0.0061309122 | K44: =SUMIF(KeyRaces!$B$62:$B$67,CongressionalAnalysis!$C39,KeyRaces!K$62:K$67) -> 72652 | L44: =SUMIF(KeyRaces!$B$62:$B$67,CongressionalAnalysis!$C39,KeyRaces!L$62:L$67) -> 0.5361 | M44: =(L44-G44)*100 -> -0.39 | N44: =SUMIF(KeyRaces!$B$62:$B$67,CongressionalAnalysis!$C39,KeyRaces!N$62:N$67) -> 13312 | O44: =SUMIF(KeyRaces!$B$62:$B$67,CongressionalAnalysis!$C39,KeyRaces!O$62:O$67) -> 0.5193 | P44: =SUMIF(KeyRaces!$B$62:$B$67,CongressionalAnalysis!$C39,KeyRaces!P$62:P$67) -> 85071 | Q44: =SUMIF(KeyRaces!$B$62:$B$67,CongressionalAnalysis!$C39,KeyRaces!Q$62:Q$67) -> 0.52927233 | R44: =(Q44-$G44)*100 -> -1.0727671 | S44: =SUMIF(KeyRaces!$B$62:$B$67,CongressionalAnalysis!$C39,KeyRaces!S$62:S$67) -> 12419 | T44: =SUMIF(KeyRaces!$B$62:$B$67,CongressionalAnalysis!$C39,KeyRaces!T$62:T$67) -> 0.49256336 | U44: =SUMIF(KeyRaces!$B$62:$B$67,CongressionalAnalysis!$C39,KeyRaces!U$62:U$67) -> 96559 | V44: =SUMIF(KeyRaces!$B$62:$B$67,CongressionalAnalysis!$C39,KeyRaces!V$62:V$67) -> 0.53519308 | W44: =SUMIF(KeyRaces!$B$62:$B$67,CongressionalAnalysis!$C39,KeyRaces!W$62:W$67) -> -0.48 | X44: =SUMIF(KeyRaces!$B$62:$B$67,CongressionalAnalysis!$C39,KeyRaces!X$62:X$67) -> 11488 | Y44: =SUMIF(KeyRaces!$B$62:$B$67,CongressionalAnalysis!$C39,KeyRaces!Y$62:Y$67) -> 0.58353228 | Z44: =SUMIF(KeyRaces!$B$62:$B$67,CongressionalAnalysis!$C39,KeyRaces!Z$62:Z$67) -> 100586 | ... AN44: =SUMIF(KeyRaces!$B$62:$B$67,CongressionalAnalysis!$C39,KeyRaces!AN$62:AN$67) -> 0.54659358
C45: Republican | D45: =AJ45 -> 83595 | E45: =AK45 -> 0.43633374 | F45: =SUMIF(KeyRaces!$B$62:$B$67,CongressionalAnalysis!$C40,KeyRaces!E$62:E$67) -> 47963 | G45: =SUMIF(KeyRaces!$B$62:$B$67,CongressionalAnalysis!$C40,KeyRaces!F$62:F$67) -> 0.4365 | H45: =D45-F45 -> 35632 | I45: =H45/SUM(H44:H47) -> 0.43717563 | J45: =I45-G45 -> 0.0006756334 | K45: =SUMIF(KeyRaces!$B$62:$B$67,CongressionalAnalysis!$C40,KeyRaces!K$62:K$67) -> 59646 | L45: =SUMIF(KeyRaces!$B$62:$B$67,CongressionalAnalysis!$C40,KeyRaces!L$62:L$67) -> 0.4401 | M45: =(L45-G45)*100 -> 0.36 | N45: =SUMIF(KeyRaces!$B$62:$B$67,CongressionalAnalysis!$C40,KeyRaces!N$62:N$67) -> 11683 | O45: =SUMIF(KeyRaces!$B$62:$B$67,CongressionalAnalysis!$C40,KeyRaces!O$62:O$67) -> 0.4558 | P45: =SUMIF(KeyRaces!$B$62:$B$67,CongressionalAnalysis!$C40,KeyRaces!P$62:P$67) -> 71619 | Q45: =SUMIF(KeyRaces!$B$62:$B$67,CongressionalAnalysis!$C40,KeyRaces!Q$62:Q$67) -> 0.44558022 | R45: =(Q45-$G45)*100 -> 0.90802205 | S45: =SUMIF(KeyRaces!$B$62:$B$67,CongressionalAnalysis!$C40,KeyRaces!S$62:S$67) -> 11973 | T45: =SUMIF(KeyRaces!$B$62:$B$67,CongressionalAnalysis!$C40,KeyRaces!T$62:T$67) -> 0.47487407 | U45: =SUMIF(KeyRaces!$B$62:$B$67,CongressionalAnalysis!$C40,KeyRaces!U$62:U$67) -> 79177 | V45: =SUMIF(KeyRaces!$B$62:$B$67,CongressionalAnalysis!$C40,KeyRaces!V$62:V$67) -> 0.43885068 | W45: =SUMIF(KeyRaces!$B$62:$B$67,CongressionalAnalysis!$C40,KeyRaces!W$62:W$67) -> 0.24 | X45: =SUMIF(KeyRaces!$B$62:$B$67,CongressionalAnalysis!$C40,KeyRaces!X$62:X$67) -> 7558 | Y45: =SUMIF(KeyRaces!$B$62:$B$67,CongressionalAnalysis!$C40,KeyRaces!Y$62:Y$67) -> 0.38390816 | Z45: =SUMIF(KeyRaces!$B$62:$B$67,CongressionalAnalysis!$C40,KeyRaces!Z$62:Z$67) -> 81261 | ... AN45: =SUMIF(KeyRaces!$B$62:$B$67,CongressionalAnalysis!$C40,KeyRaces!AN$62:AN$67) -> 0.39310885
C46: DSA | D46: =AJ46 -> 0 | E46: =AK46 -> 0 | F46: =SUMIF(KeyRaces!$B$62:$B$67,CongressionalAnalysis!$C41,KeyRaces!E$62:E$67) -> 0 | G46: =SUMIF(KeyRaces!$B$62:$B$67,CongressionalAnalysis!$C41,KeyRaces!F$62:F$67) -> 0 | H46: =D46-F46 -> 0 | I46: =H46/SUM(H44:H47) -> 0 | J46: =I46-G46 -> 0 | K46: =SUMIF(KeyRaces!$B$62:$B$67,CongressionalAnalysis!$C41,KeyRaces!K$62:K$67) -> 0 | L46: =SUMIF(KeyRaces!$B$62:$B$67,CongressionalAnalysis!$C41,KeyRaces!L$62:L$67) -> 0 | M46: =(L46-G46)*100 -> 0 | N46: =SUMIF(KeyRaces!$B$62:$B$67,CongressionalAnalysis!$C41,KeyRaces!N$62:N$67) -> 0 | O46: =SUMIF(KeyRaces!$B$62:$B$67,CongressionalAnalysis!$C41,KeyRaces!O$62:O$67) -> 0 | P46: =SUMIF(KeyRaces!$B$62:$B$67,CongressionalAnalysis!$C41,KeyRaces!P$62:P$67) -> 0 | Q46: =SUMIF(KeyRaces!$B$62:$B$67,CongressionalAnalysis!$C41,KeyRaces!Q$62:Q$67) -> 0 | R46: =(Q46-$G46)*100 -> 0 | S46: =SUMIF(KeyRaces!$B$62:$B$67,CongressionalAnalysis!$C41,KeyRaces!S$62:S$67) -> 0 | T46: =SUMIF(KeyRaces!$B$62:$B$67,CongressionalAnalysis!$C41,KeyRaces!T$62:T$67) -> 0 | U46: =SUMIF(KeyRaces!$B$62:$B$67,CongressionalAnalysis!$C41,KeyRaces!U$62:U$67) -> 0 | V46: =SUMIF(KeyRaces!$B$62:$B$67,CongressionalAnalysis!$C41,KeyRaces!V$62:V$67) -> 0 | W46: =SUMIF(KeyRaces!$B$62:$B$67,CongressionalAnalysis!$C41,KeyRaces!W$62:W$67) -> 0 | X46: =SUMIF(KeyRaces!$B$62:$B$67,CongressionalAnalysis!$C41,KeyRaces!X$62:X$67) -> 0 | Y46: =SUMIF(KeyRaces!$B$62:$B$67,CongressionalAnalysis!$C41,KeyRaces!Y$62:Y$67) -> 0 | Z46: =SUMIF(KeyRaces!$B$62:$B$67,CongressionalAnalysis!$C41,KeyRaces!Z$62:Z$67) -> 0 | ... AN46: =SUMIF(KeyRaces!$B$62:$B$67,CongressionalAnalysis!$C41,KeyRaces!AN$62:AN$67) -> 0
C47: Independent | D47: =AJ47 -> 4777 | E47: =AK47 -> 0.024934102 | F47: =SUMIF(KeyRaces!$B$62:$B$67,CongressionalAnalysis!$C42,KeyRaces!E$62:E$67) -> 2417 | G47: =SUMIF(KeyRaces!$B$62:$B$67,CongressionalAnalysis!$C42,KeyRaces!F$62:F$67) -> 0.022 | H47: =D47-F47 -> 2360 | I47: =H47/SUM(H44:H47) -> 0.028955279 | J47: =I47-G47 -> 0.0069552788 | K47: =SUMIF(KeyRaces!$B$62:$B$67,CongressionalAnalysis!$C42,KeyRaces!K$62:K$67) -> 3011 | L47: =SUMIF(KeyRaces!$B$62:$B$67,CongressionalAnalysis!$C42,KeyRaces!L$62:L$67) -> 0.0222 | M47: =(L47-G47)*100 -> 0.02 | N47: =SUMIF(KeyRaces!$B$62:$B$67,CongressionalAnalysis!$C42,KeyRaces!N$62:N$67) -> 594 | O47: =SUMIF(KeyRaces!$B$62:$B$67,CongressionalAnalysis!$C42,KeyRaces!O$62:O$67) -> 0.0232 | P47: =SUMIF(KeyRaces!$B$62:$B$67,CongressionalAnalysis!$C42,KeyRaces!P$62:P$67) -> 3772 | Q47: =SUMIF(KeyRaces!$B$62:$B$67,CongressionalAnalysis!$C42,KeyRaces!Q$62:Q$67) -> 0.023467636 | R47: =(Q47-$G47)*100 -> 0.14676356 | S47: =SUMIF(KeyRaces!$B$62:$B$67,CongressionalAnalysis!$C42,KeyRaces!S$62:S$67) -> 761 | T47: =SUMIF(KeyRaces!$B$62:$B$67,CongressionalAnalysis!$C42,KeyRaces!T$62:T$67) -> 0.030182842 | U47: =SUMIF(KeyRaces!$B$62:$B$67,CongressionalAnalysis!$C42,KeyRaces!U$62:U$67) -> 4368 | V47: =SUMIF(KeyRaces!$B$62:$B$67,CongressionalAnalysis!$C42,KeyRaces!V$62:V$67) -> 0.02421031 | W47: =SUMIF(KeyRaces!$B$62:$B$67,CongressionalAnalysis!$C42,KeyRaces!W$62:W$67) -> 0.22 | X47: =SUMIF(KeyRaces!$B$62:$B$67,CongressionalAnalysis!$C42,KeyRaces!X$62:X$67) -> 596 | Y47: =SUMIF(KeyRaces!$B$62:$B$67,CongressionalAnalysis!$C42,KeyRaces!Y$62:Y$67) -> 0.030273785 | Z47: =SUMIF(KeyRaces!$B$62:$B$67,CongressionalAnalysis!$C42,KeyRaces!Z$62:Z$67) -> 4596 | ... AN47: =SUMIF(KeyRaces!$B$62:$B$67,CongressionalAnalysis!$C42,KeyRaces!AN$62:AN$67) -> 0.050900548
B48: District 9 - South Seattle, Renton, Auburn | C48: Total Ballots | D48: =AJ48 -> 143943 | F48: =KeyRaces!E68 -> 71932 | G48: =KeyRaces!F68 | H48: =D48-F48 -> 72011 | K48: =KeyRaces!K68 -> 89152 | L48: =KeyRaces!L68 | N48: =KeyRaces!N68 -> 17220 | O48: =KeyRaces!O68 | P48: =KeyRaces!P68 -> 110240 | Q48: =KeyRaces!Q68 | S48: =KeyRaces!S68 -> 21088 | T48: =KeyRaces!T68 | U48: =KeyRaces!U68 -> 134241 | V48: =KeyRaces!V68 | W48: =KeyRaces!W68 | X48: =KeyRaces!X68 -> 24001 | Y48: =KeyRaces!Y68 | Z48: =KeyRaces!Z68 -> 142326 | ... AN48: =KeyRaces!AN68 -> 0
C49: Democratic | D49: =AJ49 -> 67095 | E49: =AK49 -> 0.47131838 | F49: =SUMIF(KeyRaces!$B$69:$B$73,CongressionalAnalysis!$C44,KeyRaces!E$69:E$73) -> 36070 | G49: =SUMIF(KeyRaces!$B$69:$B$73,CongressionalAnalysis!$C44,KeyRaces!F$69:F$73) -> 0.5094 | H49: =D49-F49 -> 31025 | I49: =H49/SUM(H49:H52) -> 0.43419543 | J49: =I49-G49 -> -0.075204574 | K49: =SUMIF(KeyRaces!$B$69:$B$73,CongressionalAnalysis!$C44,KeyRaces!K$69:K$73) -> 44010 | L49: =SUMIF(KeyRaces!$B$69:$B$73,CongressionalAnalysis!$C44,KeyRaces!L$69:L$73) -> 0.5017 | M49: =(L49-G49)*100 -> -0.77 | N49: =SUMIF(KeyRaces!$B$69:$B$73,CongressionalAnalysis!$C44,KeyRaces!N$69:N$73) -> 7940 | O49: =SUMIF(KeyRaces!$B$69:$B$73,CongressionalAnalysis!$C44,KeyRaces!O$69:O$73) -> 0.4694 | P49: =SUMIF(KeyRaces!$B$69:$B$73,CongressionalAnalysis!$C44,KeyRaces!P$69:P$73) -> 53036 | Q49: =SUMIF(KeyRaces!$B$69:$B$73,CongressionalAnalysis!$C44,KeyRaces!Q$69:Q$73) -> 0.48914467 | R49: =(Q49-$G49)*100 -> -2.025533 | S49: =SUMIF(KeyRaces!$B$69:$B$73,CongressionalAnalysis!$C44,KeyRaces!S$69:S$73) -> 9026 | T49: =SUMIF(KeyRaces!$B$69:$B$73,CongressionalAnalysis!$C44,KeyRaces!T$69:T$73) -> 0.4359123 | U49: =SUMIF(KeyRaces!$B$69:$B$73,CongressionalAnalysis!$C44,KeyRaces!U$69:U$73) -> 63114 | V49: =SUMIF(KeyRaces!$B$69:$B$73,CongressionalAnalysis!$C44,KeyRaces!V$69:V$73) -> 0.4778757 | W49: =SUMIF(KeyRaces!$B$69:$B$73,CongressionalAnalysis!$C44,KeyRaces!W$69:W$73) -> -3.15 | X49: =SUMIF(KeyRaces!$B$69:$B$73,CongressionalAnalysis!$C44,KeyRaces!X$69:X$73) -> 10078 | Y49: =SUMIF(KeyRaces!$B$69:$B$73,CongressionalAnalysis!$C44,KeyRaces!Y$69:Y$73) -> 0.42620316 | Z49: =SUMIF(KeyRaces!$B$69:$B$73,CongressionalAnalysis!$C44,KeyRaces!Z$69:Z$73) -> 66326 | ... AN49: =SUMIF(KeyRaces!$B$69:$B$73,CongressionalAnalysis!$C44,KeyRaces!AN$69:AN$73) -> 0.3599014
C50: Republican | D50: =AJ50 -> 31070 | E50: =AK50 -> 0.21825564 | F50: =SUMIF(KeyRaces!$B$69:$B$73,CongressionalAnalysis!$C45,KeyRaces!E$69:E$73) -> 16842 | G50: =SUMIF(KeyRaces!$B$69:$B$73,CongressionalAnalysis!$C45,KeyRaces!F$69:F$73) -> 0.2379 | H50: =D50-F50 -> 14228 | I50: =H50/SUM(H49:H52) -> 0.19912111 | J50: =I50-G50 -> -0.038778887 | K50: =SUMIF(KeyRaces!$B$69:$B$73,CongressionalAnalysis!$C45,KeyRaces!K$69:K$73) -> 21140 | L50: =SUMIF(KeyRaces!$B$69:$B$73,CongressionalAnalysis!$C45,KeyRaces!L$69:L$73) -> 0.241 | M50: =(L50-G50)*100 -> 0.31 | N50: =SUMIF(KeyRaces!$B$69:$B$73,CongressionalAnalysis!$C45,KeyRaces!N$69:N$73) -> 4298 | O50: =SUMIF(KeyRaces!$B$69:$B$73,CongressionalAnalysis!$C45,KeyRaces!O$69:O$73) -> 0.2541 | P50: =SUMIF(KeyRaces!$B$69:$B$73,CongressionalAnalysis!$C45,KeyRaces!P$69:P$73) -> 24667 | Q50: =SUMIF(KeyRaces!$B$69:$B$73,CongressionalAnalysis!$C45,KeyRaces!Q$69:Q$73) -> 0.22750078 | R50: =(Q50-$G50)*100 -> -1.0399216 | S50: =SUMIF(KeyRaces!$B$69:$B$73,CongressionalAnalysis!$C45,KeyRaces!S$69:S$73) -> 3527 | T50: =SUMIF(KeyRaces!$B$69:$B$73,CongressionalAnalysis!$C45,KeyRaces!T$69:T$73) -> 0.1703371 | U50: =SUMIF(KeyRaces!$B$69:$B$73,CongressionalAnalysis!$C45,KeyRaces!U$69:U$73) -> 28909 | V50: =SUMIF(KeyRaces!$B$69:$B$73,CongressionalAnalysis!$C45,KeyRaces!V$69:V$73) -> 0.21888818 | W50: =SUMIF(KeyRaces!$B$69:$B$73,CongressionalAnalysis!$C45,KeyRaces!W$69:W$73) -> -1.9 | X50: =SUMIF(KeyRaces!$B$69:$B$73,CongressionalAnalysis!$C45,KeyRaces!X$69:X$73) -> 4242 | Y50: =SUMIF(KeyRaces!$B$69:$B$73,CongressionalAnalysis!$C45,KeyRaces!Y$69:Y$73) -> 0.17939609 | Z50: =SUMIF(KeyRaces!$B$69:$B$73,CongressionalAnalysis!$C45,KeyRaces!Z$69:Z$73) -> 30726 | ... AN50: =SUMIF(KeyRaces!$B$69:$B$73,CongressionalAnalysis!$C45,KeyRaces!AN$69:AN$73) -> 0.1347576
C51: DSA | D51: =AJ51 -> 42394 | E51: =AK51 -> 0.29780269 | F51: =SUMIF(KeyRaces!$B$69:$B$73,CongressionalAnalysis!$C46,KeyRaces!E$69:E$73) -> 16979 | G51: =SUMIF(KeyRaces!$B$69:$B$73,CongressionalAnalysis!$C46,KeyRaces!F$69:F$73) -> 0.2398 | H51: =D51-F51 -> 25415 | I51: =H51/SUM(H49:H52) -> 0.35568338 | J51: =I51-G51 -> 0.11588338 | K51: =SUMIF(KeyRaces!$B$69:$B$73,CongressionalAnalysis!$C46,KeyRaces!K$69:K$73) -> 21529 | L51: =SUMIF(KeyRaces!$B$69:$B$73,CongressionalAnalysis!$C46,KeyRaces!L$69:L$73) -> 0.2454 | M51: =(L51-G51)*100 -> 0.56 | N51: =SUMIF(KeyRaces!$B$69:$B$73,CongressionalAnalysis!$C46,KeyRaces!N$69:N$73) -> 4550 | O51: =SUMIF(KeyRaces!$B$69:$B$73,CongressionalAnalysis!$C46,KeyRaces!O$69:O$73) -> 0.269 | P51: =SUMIF(KeyRaces!$B$69:$B$73,CongressionalAnalysis!$C46,KeyRaces!P$69:P$73) -> 29424 | Q51: =SUMIF(KeyRaces!$B$69:$B$73,CongressionalAnalysis!$C46,KeyRaces!Q$69:Q$73) -> 0.27137402 | R51: =(Q51-$G51)*100 -> 3.1574025 | S51: =SUMIF(KeyRaces!$B$69:$B$73,CongressionalAnalysis!$C46,KeyRaces!S$69:S$73) -> 7895 | T51: =SUMIF(KeyRaces!$B$69:$B$73,CongressionalAnalysis!$C46,KeyRaces!T$69:T$73) -> 0.38129045 | U51: =SUMIF(KeyRaces!$B$69:$B$73,CongressionalAnalysis!$C46,KeyRaces!U$69:U$73) -> 38432 | V51: =SUMIF(KeyRaces!$B$69:$B$73,CongressionalAnalysis!$C46,KeyRaces!V$69:V$73) -> 0.29099279 | W51: =SUMIF(KeyRaces!$B$69:$B$73,CongressionalAnalysis!$C46,KeyRaces!W$69:W$73) -> 5.12 | X51: =SUMIF(KeyRaces!$B$69:$B$73,CongressionalAnalysis!$C46,KeyRaces!X$69:X$73) -> 9008 | Y51: =SUMIF(KeyRaces!$B$69:$B$73,CongressionalAnalysis!$C46,KeyRaces!Y$69:Y$73) -> 0.38095238 | Z51: =SUMIF(KeyRaces!$B$69:$B$73,CongressionalAnalysis!$C46,KeyRaces!Z$69:Z$73) -> 41483 | ... AN51: =SUMIF(KeyRaces!$B$69:$B$73,CongressionalAnalysis!$C46,KeyRaces!AN$69:AN$73) -> 0.48233361
C52: Independent | D52: =AJ52 -> 1588 | E52: =AK52 -> 0.011155132 | F52: =SUMIF(KeyRaces!$B$69:$B$73,CongressionalAnalysis!$C47,KeyRaces!E$69:E$73) -> 802 | G52: =SUMIF(KeyRaces!$B$69:$B$73,CongressionalAnalysis!$C47,KeyRaces!F$69:F$73) -> 0.0113 | H52: =D52-F52 -> 786 | I52: =H52/SUM(H49:H52) -> 0.011000084 | J52: =I52-G52 -> -0.00029991603 | K52: =SUMIF(KeyRaces!$B$69:$B$73,CongressionalAnalysis!$C47,KeyRaces!K$69:K$73) -> 937 | L52: =SUMIF(KeyRaces!$B$69:$B$73,CongressionalAnalysis!$C47,KeyRaces!L$69:L$73) -> 0.0107 | M52: =(L52-G52)*100 -> -0.06 | N52: =SUMIF(KeyRaces!$B$69:$B$73,CongressionalAnalysis!$C47,KeyRaces!N$69:N$73) -> 135 | O52: =SUMIF(KeyRaces!$B$69:$B$73,CongressionalAnalysis!$C47,KeyRaces!O$69:O$73) -> 0.008 | P52: =SUMIF(KeyRaces!$B$69:$B$73,CongressionalAnalysis!$C47,KeyRaces!P$69:P$73) -> 1148 | Q52: =SUMIF(KeyRaces!$B$69:$B$73,CongressionalAnalysis!$C47,KeyRaces!Q$69:Q$73) -> 0.010587866 | R52: =(Q52-$G52)*100 -> -0.071213362 | S52: =SUMIF(KeyRaces!$B$69:$B$73,CongressionalAnalysis!$C47,KeyRaces!S$69:S$73) -> 211 | T52: =SUMIF(KeyRaces!$B$69:$B$73,CongressionalAnalysis!$C47,KeyRaces!T$69:T$73) -> 0.010190283 | U52: =SUMIF(KeyRaces!$B$69:$B$73,CongressionalAnalysis!$C47,KeyRaces!U$69:U$73) -> 1424 | V52: =SUMIF(KeyRaces!$B$69:$B$73,CongressionalAnalysis!$C47,KeyRaces!V$69:V$73) -> 0.010781998 | W52: =SUMIF(KeyRaces!$B$69:$B$73,CongressionalAnalysis!$C47,KeyRaces!W$69:W$73) -> -0.05 | X52: =SUMIF(KeyRaces!$B$69:$B$73,CongressionalAnalysis!$C47,KeyRaces!X$69:X$73) -> 276 | Y52: =SUMIF(KeyRaces!$B$69:$B$73,CongressionalAnalysis!$C47,KeyRaces!Y$69:Y$73) -> 0.011672164 | Z52: =SUMIF(KeyRaces!$B$69:$B$73,CongressionalAnalysis!$C47,KeyRaces!Z$69:Z$73) -> 1552 | ... AN52: =SUMIF(KeyRaces!$B$69:$B$73,CongressionalAnalysis!$C47,KeyRaces!AN$69:AN$73) -> 0.018898932
B53: District 10 - Olympia, Lakewood, Puyallup | C53: Total Ballots | D53: =AJ53 -> 158386 | F53: =KeyRaces!E74 -> 81476 | G53: =KeyRaces!F74 | H53: =D53-F53 -> 76910 | K53: =KeyRaces!K74 -> 110756 | L53: =KeyRaces!L74 | N53: =KeyRaces!N74 -> 29280 | O53: =KeyRaces!O74 | P53: =KeyRaces!P74 -> 121701 | Q53: =KeyRaces!Q74 | S53: =KeyRaces!S74 -> 10945 | T53: =KeyRaces!T74 | U53: =KeyRaces!U74 -> 139002 | V53: =KeyRaces!V74 | W53: =KeyRaces!W74 | X53: =KeyRaces!X74 -> 17301 | Y53: =KeyRaces!Y74 | Z53: =KeyRaces!Z74 -> 154434 | ... AN53: =KeyRaces!AN74 -> 0
C54: Democratic | D54: =AJ54 -> 73689 | E54: =AK54 -> 0.47260169 | F54: =SUMIF(KeyRaces!$B$75:$B$80,CongressionalAnalysis!$C49,KeyRaces!E$75:E$80) -> 39501 | G54: =SUMIF(KeyRaces!$B$75:$B$80,CongressionalAnalysis!$C49,KeyRaces!F$75:F$80) -> 0.4914 | H54: =D54-F54 -> 34188 | I54: =H54/SUM(H54:H57) -> 0.45345182 | J54: =I54-G54 -> -0.03794818 | K54: =SUMIF(KeyRaces!$B$75:$B$80,CongressionalAnalysis!$C49,KeyRaces!K$75:K$80) -> 52908 | L54: =SUMIF(KeyRaces!$B$75:$B$80,CongressionalAnalysis!$C49,KeyRaces!L$75:L$80) -> 0.4843 | M54: =(L54-G54)*100 -> -0.71 | N54: =SUMIF(KeyRaces!$B$75:$B$80,CongressionalAnalysis!$C49,KeyRaces!N$75:N$80) -> 13407 | O54: =SUMIF(KeyRaces!$B$75:$B$80,CongressionalAnalysis!$C49,KeyRaces!O$75:O$80) -> 0.4647 | P54: =SUMIF(KeyRaces!$B$75:$B$80,CongressionalAnalysis!$C49,KeyRaces!P$75:P$80) -> 57682 | Q54: =SUMIF(KeyRaces!$B$75:$B$80,CongressionalAnalysis!$C49,KeyRaces!Q$75:Q$80) -> 0.4805672 | R54: =(Q54-$G54)*100 -> -1.0832804 | S54: =SUMIF(KeyRaces!$B$75:$B$80,CongressionalAnalysis!$C49,KeyRaces!S$75:S$80) -> 4774 | T54: =SUMIF(KeyRaces!$B$75:$B$80,CongressionalAnalysis!$C49,KeyRaces!T$75:T$80) -> 0.44248772 | U54: =SUMIF(KeyRaces!$B$75:$B$80,CongressionalAnalysis!$C49,KeyRaces!U$75:U$80) -> 65297 | V54: =SUMIF(KeyRaces!$B$75:$B$80,CongressionalAnalysis!$C49,KeyRaces!V$75:V$80) -> 0.47677008 | W54: =SUMIF(KeyRaces!$B$75:$B$80,CongressionalAnalysis!$C49,KeyRaces!W$75:W$80) -> -1.46 | X54: =SUMIF(KeyRaces!$B$75:$B$80,CongressionalAnalysis!$C49,KeyRaces!X$75:X$80) -> 7615 | Y54: =SUMIF(KeyRaces!$B$75:$B$80,CongressionalAnalysis!$C49,KeyRaces!Y$75:Y$80) -> 0.44984641 | Z54: =SUMIF(KeyRaces!$B$75:$B$80,CongressionalAnalysis!$C49,KeyRaces!Z$75:Z$80) -> 72062 | ... AN54: =SUMIF(KeyRaces!$B$75:$B$80,CongressionalAnalysis!$C49,KeyRaces!AN$75:AN$80) -> 0.42549556
C55: Republican | D55: =AJ55 -> 48953 | E55: =AK55 -> 0.31395826 | F55: =SUMIF(KeyRaces!$B$75:$B$80,CongressionalAnalysis!$C50,KeyRaces!E$75:E$80) -> 26745 | G55: =SUMIF(KeyRaces!$B$75:$B$80,CongressionalAnalysis!$C50,KeyRaces!F$75:F$80) -> 0.3327 | H55: =D55-F55 -> 22208 | I55: =H55/SUM(H54:H57) -> 0.29455534 | J55: =I55-G55 -> -0.038144658 | K55: =SUMIF(KeyRaces!$B$75:$B$80,CongressionalAnalysis!$C50,KeyRaces!K$75:K$80) -> 35611 | L55: =SUMIF(KeyRaces!$B$75:$B$80,CongressionalAnalysis!$C50,KeyRaces!L$75:L$80) -> 0.326 | M55: =(L55-G55)*100 -> -0.67 | N55: =SUMIF(KeyRaces!$B$75:$B$80,CongressionalAnalysis!$C50,KeyRaces!N$75:N$80) -> 8866 | O55: =SUMIF(KeyRaces!$B$75:$B$80,CongressionalAnalysis!$C50,KeyRaces!O$75:O$80) -> 0.3073 | P55: =SUMIF(KeyRaces!$B$75:$B$80,CongressionalAnalysis!$C50,KeyRaces!P$75:P$80) -> 39195 | Q55: =SUMIF(KeyRaces!$B$75:$B$80,CongressionalAnalysis!$C50,KeyRaces!Q$75:Q$80) -> 0.32654608 | R55: =(Q55-$G55)*100 -> -0.61539153 | S55: =SUMIF(KeyRaces!$B$75:$B$80,CongressionalAnalysis!$C50,KeyRaces!S$75:S$80) -> 3584 | T55: =SUMIF(KeyRaces!$B$75:$B$80,CongressionalAnalysis!$C50,KeyRaces!T$75:T$80) -> 0.33219019 | U55: =SUMIF(KeyRaces!$B$75:$B$80,CongressionalAnalysis!$C50,KeyRaces!U$75:U$80) -> 44202 | V55: =SUMIF(KeyRaces!$B$75:$B$80,CongressionalAnalysis!$C50,KeyRaces!V$75:V$80) -> 0.32274363 | W55: =SUMIF(KeyRaces!$B$75:$B$80,CongressionalAnalysis!$C50,KeyRaces!W$75:W$80) -> -1 | X55: =SUMIF(KeyRaces!$B$75:$B$80,CongressionalAnalysis!$C50,KeyRaces!X$75:X$80) -> 5007 | Y55: =SUMIF(KeyRaces!$B$75:$B$80,CongressionalAnalysis!$C50,KeyRaces!Y$75:Y$80) -> 0.29578214 | Z55: =SUMIF(KeyRaces!$B$75:$B$80,CongressionalAnalysis!$C50,KeyRaces!Z$75:Z$80) -> 48055 | ... AN55: =SUMIF(KeyRaces!$B$75:$B$80,CongressionalAnalysis!$C50,KeyRaces!AN$75:AN$80) -> 0.22898154
C56: DSA | D56: =AJ56 -> 30769 | E56: =AK56 -> 0.19733585 | F56: =SUMIF(KeyRaces!$B$75:$B$80,CongressionalAnalysis!$C51,KeyRaces!E$75:E$80) -> 12807 | G56: =SUMIF(KeyRaces!$B$75:$B$80,CongressionalAnalysis!$C51,KeyRaces!F$75:F$80) -> 0.1593 | H56: =D56-F56 -> 17962 | I56: =H56/SUM(H54:H57) -> 0.23823861 | J56: =I56-G56 -> 0.07893861 | K56: =SUMIF(KeyRaces!$B$75:$B$80,CongressionalAnalysis!$C51,KeyRaces!K$75:K$80) -> 18977 | L56: =SUMIF(KeyRaces!$B$75:$B$80,CongressionalAnalysis!$C51,KeyRaces!L$75:L$80) -> 0.1737 | M56: =(L56-G56)*100 -> 1.44 | N56: =SUMIF(KeyRaces!$B$75:$B$80,CongressionalAnalysis!$C51,KeyRaces!N$75:N$80) -> 6170 | O56: =SUMIF(KeyRaces!$B$75:$B$80,CongressionalAnalysis!$C51,KeyRaces!O$75:O$80) -> 0.2139 | P56: =SUMIF(KeyRaces!$B$75:$B$80,CongressionalAnalysis!$C51,KeyRaces!P$75:P$80) -> 21217 | Q56: =SUMIF(KeyRaces!$B$75:$B$80,CongressionalAnalysis!$C51,KeyRaces!Q$75:Q$80) -> 0.17676561 | R56: =(Q56-$G56)*100 -> 1.7465615 | S56: =SUMIF(KeyRaces!$B$75:$B$80,CongressionalAnalysis!$C51,KeyRaces!S$75:S$80) -> 2240 | T56: =SUMIF(KeyRaces!$B$75:$B$80,CongressionalAnalysis!$C51,KeyRaces!T$75:T$80) -> 0.20761887 | U56: =SUMIF(KeyRaces!$B$75:$B$80,CongressionalAnalysis!$C51,KeyRaces!U$75:U$80) -> 25263 | V56: =SUMIF(KeyRaces!$B$75:$B$80,CongressionalAnalysis!$C51,KeyRaces!V$75:V$80) -> 0.18445936 | W56: =SUMIF(KeyRaces!$B$75:$B$80,CongressionalAnalysis!$C51,KeyRaces!W$75:W$80) -> 2.52 | X56: =SUMIF(KeyRaces!$B$75:$B$80,CongressionalAnalysis!$C51,KeyRaces!X$75:X$80) -> 4046 | Y56: =SUMIF(KeyRaces!$B$75:$B$80,CongressionalAnalysis!$C51,KeyRaces!Y$75:Y$80) -> 0.23901229 | Z56: =SUMIF(KeyRaces!$B$75:$B$80,CongressionalAnalysis!$C51,KeyRaces!Z$75:Z$80) -> 29543 | ... AN56: =SUMIF(KeyRaces!$B$75:$B$80,CongressionalAnalysis!$C51,KeyRaces!AN$75:AN$80) -> 0.32228298
C57: Independent | D57: =AJ57 -> 2144 | E57: =AK57 -> 0.013750465 | F57: =SUMIF(KeyRaces!$B$75:$B$80,CongressionalAnalysis!$C52,KeyRaces!E$75:E$80) -> 1107 | G57: =SUMIF(KeyRaces!$B$75:$B$80,CongressionalAnalysis!$C52,KeyRaces!F$75:F$80) -> 0.0138 | H57: =D57-F57 -> 1037 | I57: =H57/SUM(H54:H57) -> 0.013754228 | J57: =I57-G57 -> -4.5772266e-05 | K57: =SUMIF(KeyRaces!$B$75:$B$80,CongressionalAnalysis!$C52,KeyRaces!K$75:K$80) -> 1453 | L57: =SUMIF(KeyRaces!$B$75:$B$80,CongressionalAnalysis!$C52,KeyRaces!L$75:L$80) -> 0.0133 | M57: =(L57-G57)*100 -> -0.05 | N57: =SUMIF(KeyRaces!$B$75:$B$80,CongressionalAnalysis!$C52,KeyRaces!N$75:N$80) -> 346 | O57: =SUMIF(KeyRaces!$B$75:$B$80,CongressionalAnalysis!$C52,KeyRaces!O$75:O$80) -> 0.012 | P57: =SUMIF(KeyRaces!$B$75:$B$80,CongressionalAnalysis!$C52,KeyRaces!P$75:P$80) -> 1622 | Q57: =SUMIF(KeyRaces!$B$75:$B$80,CongressionalAnalysis!$C52,KeyRaces!Q$75:Q$80) -> 0.013513401 | R57: =(Q57-$G57)*100 -> -0.028659907 | S57: =SUMIF(KeyRaces!$B$75:$B$80,CongressionalAnalysis!$C52,KeyRaces!S$75:S$80) -> 169 | T57: =SUMIF(KeyRaces!$B$75:$B$80,CongressionalAnalysis!$C52,KeyRaces!T$75:T$80) -> 0.015664102 | U57: =SUMIF(KeyRaces!$B$75:$B$80,CongressionalAnalysis!$C52,KeyRaces!U$75:U$80) -> 1844 | V57: =SUMIF(KeyRaces!$B$75:$B$80,CongressionalAnalysis!$C52,KeyRaces!V$75:V$80) -> 0.01346408 | W57: =SUMIF(KeyRaces!$B$75:$B$80,CongressionalAnalysis!$C52,KeyRaces!W$75:W$80) -> -0.03 | X57: =SUMIF(KeyRaces!$B$75:$B$80,CongressionalAnalysis!$C52,KeyRaces!X$75:X$80) -> 222 | Y57: =SUMIF(KeyRaces!$B$75:$B$80,CongressionalAnalysis!$C52,KeyRaces!Y$75:Y$80) -> 0.013114367 | Z57: =SUMIF(KeyRaces!$B$75:$B$80,CongressionalAnalysis!$C52,KeyRaces!Z$75:Z$80) -> 2077 | ... AN57: =SUMIF(KeyRaces!$B$75:$B$80,CongressionalAnalysis!$C52,KeyRaces!AN$75:AN$80) -> 0.019138756

Sheet KeyRaces
A1: Key Races | B1: Party Code | C1: Latest Vote Total (expected total 1.9M ballots) | D1: Latest Vote Share | E1: Day1_Votes_Aug4 | F1: Day1_VoteShare_Pct | G1: Day 1 Votes Share of Total Votes | H1: Change from Day 1 Count | I1: Share of Post Day 1 Votes Counted | J1: Change from Day 1 Share | K1: Day2_CumulVotes | L1: Day2_CumulVoteShare_Pct | M1: Day2_ShareChange | N1: Day2_VoteChange | O1: Day2_VoteShare_Pct | P1: Day3_CumulVotes | Q1: Day3_CumulVoteShare_Pct | R1: Day3_ShareChange | S1: Day3_VoteChange | T1: Day3_VoteShare_Pct | U1: Day4_CumulVotes | V1: Day4_CumulVoteShare_Pct | W1: Day4_ShareChange | X1: Day4_VoteChange | Y1: Day4_VoteShare_Pct | Z1: Day5_CumulVotes | AA1: Day5_CumulVoteShare_Pct | AB1: Day5_TotalChange | AC1: Day5_VoteChange | AD1: Day5_VoteShare_Pct | AE1: Day6_CumulVotes | AF1: Day6_CumulVoteShare_Pct | AG1: Day6_TotalChange | AH1: Day6_VoteChange | AI1: Day6_VoteShare_Pct | AJ1: Final_CumulVotes | AK1: Final_CumulVoteShare_Pct | AL1: Final_TotalChange | AM1: Final_VoteChange | AN1: Final_VoteShare_Pct
A2: Congress 1st | B2: TOTAL VOTES | C2: =AJ2 -> 163014 | D2: =AK2 -> 0 | E2: =August2026Primary_Tracking!E2 -> 98597 | F2: =August2026Primary_Tracking!F2 | G2: =E2/C2 -> 0.60483762 | H2: =C2-E2 -> 64417 | K2: =August2026Primary_Tracking!G2 -> 113370 | L2: =August2026Primary_Tracking!H2 | M2: =August2026Primary_Tracking!I2 | N2: =August2026Primary_Tracking!J2 -> 14773 | O2: =August2026Primary_Tracking!K2 | P2: =August2026Primary_Tracking!L2 -> 150766 | Q2: =August2026Primary_Tracking!M2 | R2: =August2026Primary_Tracking!N2 | ... AN2: =August2026Primary_Tracking!AJ2 -> 0
A3: Benjamin Kincaid | B3: Democratic | C3: =AJ3 -> 3580 | D3: =AK3 -> 0.022295155 | E3: =August2026Primary_Tracking!E3 -> 2036 | F3: =August2026Primary_Tracking!F3 -> 0.021 | G3: =E3/C3 -> 0.56871508 | H3: =C3-E3 -> 1544 | I3: =H3/H$2 -> 0.023968828 | J3: =I3-F3 -> 0.0029688281 | K3: =August2026Primary_Tracking!G3 -> 2378 | L3: =August2026Primary_Tracking!H3 -> 0.0213 | M3: =August2026Primary_Tracking!I3 -> 0.03 | N3: =August2026Primary_Tracking!J3 -> 342 | O3: =August2026Primary_Tracking!K3 -> 0.0236 | P3: =August2026Primary_Tracking!L3 -> 3257 | Q3: =August2026Primary_Tracking!M3 -> 0.021984178 | R3: =August2026Primary_Tracking!N3 -> 0.1 | ... AN3: =August2026Primary_Tracking!AJ3 -> 0.030555556
A4: Suzan DelBene | B4: Democratic | C4: =AJ4 -> 85156 | D4: =AK4 -> 0.53032577 | E4: =August2026Primary_Tracking!E4 -> 52846 | F4: =August2026Primary_Tracking!F4 -> 0.5443 | G4: =E4/C4 -> 0.6205787 | H4: =C4-E4 -> 32310 | I4: =H4/H$2 -> 0.50157567 | J4: =I4-F4 -> -0.042724329 | K4: =August2026Primary_Tracking!G4 -> 60317 | L4: =August2026Primary_Tracking!H4 -> 0.5407 | M4: =August2026Primary_Tracking!I4 -> -0.36 | N4: =August2026Primary_Tracking!J4 -> 7471 | O4: =August2026Primary_Tracking!K4 -> 0.5166 | P4: =August2026Primary_Tracking!L4 -> 78529 | Q4: =August2026Primary_Tracking!M4 -> 0.53005697 | R4: =August2026Primary_Tracking!N4 -> -1.42 | ... AN4: =August2026Primary_Tracking!AJ4 -> 0.47083333
A5: Bryce Nickel | B5: DSA | C5: =AJ5 -> 3929 | D5: =AK5 -> 0.024468622 | E5: =August2026Primary_Tracking!E5 -> 2116 | F5: =August2026Primary_Tracking!F5 -> 0.0218 | G5: =E5/C5 -> 0.53855943 | H5: =C5-E5 -> 1813 | I5: =H5/H$2 -> 0.028144744 | J5: =I5-F5 -> 0.0063447444 | K5: =August2026Primary_Tracking!G5 -> 2509 | L5: =August2026Primary_Tracking!H5 -> 0.0225 | M5: =August2026Primary_Tracking!I5 -> 0.07 | N5: =August2026Primary_Tracking!J5 -> 393 | O5: =August2026Primary_Tracking!K5 -> 0.0272 | P5: =August2026Primary_Tracking!L5 -> 3599 | Q5: =August2026Primary_Tracking!M5 -> 0.024292618 | R5: =August2026Primary_Tracking!N5 -> 0.25 | ... AN5: =August2026Primary_Tracking!AJ5 -> 0.030555556
A6: James Etzkorn | B6: Independent | C6: =AJ6 -> 12023 | D6: =AK6 -> 0.074875602 | E6: =August2026Primary_Tracking!E6 -> 6767 | F6: =August2026Primary_Tracking!F6 -> 0.0697 | G6: =E6/C6 -> 0.56283789 | H6: =C6-E6 -> 5256 | I6: =H6/H$2 -> 0.081593368 | J6: =I6-F6 -> 0.011893368 | K6: =August2026Primary_Tracking!G6 -> 7898 | L6: =August2026Primary_Tracking!H6 -> 0.0708 | M6: =August2026Primary_Tracking!I6 -> 0.11 | N6: =August2026Primary_Tracking!J6 -> 1131 | O6: =August2026Primary_Tracking!K6 -> 0.0782 | P6: =August2026Primary_Tracking!L6 -> 10917 | Q6: =August2026Primary_Tracking!M6 -> 0.073687834 | R6: =August2026Primary_Tracking!N6 -> 0.4 | ... AN6: =August2026Primary_Tracking!AJ6 -> 0.077777778
A7: Hunter Gordon | B7: DSA | C7: =AJ7 -> 10014 | D7: =AK7 -> 0.062364158 | E7: =August2026Primary_Tracking!E7 -> 4809 | F7: =August2026Primary_Tracking!F7 -> 0.0495 | G7: =E7/C7 -> 0.48022768 | H7: =C7-E7 -> 5205 | I7: =H7/H$2 -> 0.080801652 | J7: =I7-F7 -> 0.031301652 | K7: =August2026Primary_Tracking!G7 -> 5780 | L7: =August2026Primary_Tracking!H7 -> 0.0518 | M7: =August2026Primary_Tracking!I7 -> 0.23 | N7: =August2026Primary_Tracking!J7 -> 971 | O7: =August2026Primary_Tracking!K7 -> 0.0671 | P7: =August2026Primary_Tracking!L7 -> 8734 | Q7: =August2026Primary_Tracking!M7 -> 0.058952967 | R7: =August2026Primary_Tracking!N7 -> 0.95 | ... AN7: =August2026Primary_Tracking!AJ7 -> 0.14583333
A8: Mary Silva | B8: Republican | C8: =AJ8 -> 42088 | D8: =AK8 -> 0.26211131 | E8: =August2026Primary_Tracking!E8 -> 26389 | F8: =August2026Primary_Tracking!F8 -> 0.2718 | G8: =E8/C8 -> 0.62699582 | H8: =C8-E8 -> 15699 | I8: =H8/H$2 -> 0.24370896 | J8: =I8-F8 -> -0.028091041 | K8: =August2026Primary_Tracking!G8 -> 30202 | L8: =August2026Primary_Tracking!H8 -> 0.2708 | M8: =August2026Primary_Tracking!I8 -> -0.1 | N8: =August2026Primary_Tracking!J8 -> 3813 | O8: =August2026Primary_Tracking!K8 -> 0.2637 | P8: =August2026Primary_Tracking!L8 -> 39700 | Q8: =August2026Primary_Tracking!M8 -> 0.26796803 | R8: =August2026Primary_Tracking!N8 -> -0.38 | ... AN8: =August2026Primary_Tracking!AJ8 -> 0.2
A9: Catherine Hildebrand | B9: DSA | C9: =AJ9 -> 3562 | D9: =AK9 -> 0.022183057 | E9: =August2026Primary_Tracking!E9 -> 1997 | F9: =August2026Primary_Tracking!F9 -> 0.0206 | G9: =E9/C9 -> 0.56064009 | H9: =C9-E9 -> 1565 | I9: =H9/H$2 -> 0.024294829 | J9: =I9-F9 -> 0.003694829 | K9: =August2026Primary_Tracking!G9 -> 2330 | L9: =August2026Primary_Tracking!H9 -> 0.0209 | M9: =August2026Primary_Tracking!I9 -> 0.03 | N9: =August2026Primary_Tracking!J9 -> 333 | O9: =August2026Primary_Tracking!K9 -> 0.023 | P9: =August2026Primary_Tracking!L9 -> 3207 | Q9: =August2026Primary_Tracking!M9 -> 0.021646687 | R9: =August2026Primary_Tracking!N9 -> 0.1 | ... AN9: =August2026Primary_Tracking!AJ9 -> 0.044444444
A10: Congress 2nd | B10: TOTAL VOTES | C10: =AJ10 -> 212654 | D10: =AK10 -> 0 | E10: =August2026Primary_Tracking!E13 -> 125339 | F10: =August2026Primary_Tracking!F13 | G10: =E10/C10 -> 0.58940344 | H10: =C10-E10 -> 87315 | K10: =August2026Primary_Tracking!G13 -> 155944 | L10: =August2026Primary_Tracking!H13 | M10: =August2026Primary_Tracking!I13 | N10: =August2026Primary_Tracking!J13 -> 30605 | O10: =August2026Primary_Tracking!K13 | P10: =August2026Primary_Tracking!L13 -> 190784 | Q10: =August2026Primary_Tracking!M13 | R10: =August2026Primary_Tracking!N13 | ... AN10: =August2026Primary_Tracking!AJ13 -> 0
A11: Edwin H. Feller | B11: Republican | C11: =AJ11 -> 68713 | D11: =AK11 -> 0.32797003 | E11: =August2026Primary_Tracking!E14 -> 40602 | F11: =August2026Primary_Tracking!F14 -> 0.3288 | G11: =E11/C11 -> 0.59089255 | H11: =C11-E11 -> 28111 | I11: =H11/H$10 -> 0.32194926 | J11: =I11-F11 -> -0.0068507358 | K11: =August2026Primary_Tracking!G14 -> 49728 | L11: =August2026Primary_Tracking!H14 -> 0.3239 | M11: =August2026Primary_Tracking!I14 -> -0.49 | N11: =August2026Primary_Tracking!J14 -> 9126 | O11: =August2026Primary_Tracking!K14 -> 0.3041 | P11: =August2026Primary_Tracking!L14 -> 60591 | Q11: =August2026Primary_Tracking!M14 -> 0.32294359 | R11: =August2026Primary_Tracking!N14 -> -0.59 | ... AN11: =August2026Primary_Tracking!AJ14 -> 0.36964022
A12: Tomas Scheel | B12: DSA | C12: =AJ12 -> 29133 | D12: =AK12 -> 0.13905303 | E12: =August2026Primary_Tracking!E15 -> 14501 | F12: =August2026Primary_Tracking!F15 -> 0.1174 | G12: =E12/C12 -> 0.49775169 | H12: =C12-E12 -> 14632 | I12: =H12/H$10 -> 0.16757716 | J12: =I12-F12 -> 0.050177163 | K12: =August2026Primary_Tracking!G15 -> 19795 | L12: =August2026Primary_Tracking!H15 -> 0.129 | M12: =August2026Primary_Tracking!I15 -> 1.16 | N12: =August2026Primary_Tracking!J15 -> 5294 | O12: =August2026Primary_Tracking!K15 -> 0.1764 | P12: =August2026Primary_Tracking!L15 -> 26111 | Q12: =August2026Primary_Tracking!M15 -> 0.13916886 | R12: =August2026Primary_Tracking!N15 -> 2.18 | ... AN12: =August2026Primary_Tracking!AJ15 -> 0.16609167
A13: Devin Hermanson | B13: DSA | C13: =AJ13 -> 22775 | D13: =AK13 -> 0.10870603 | E13: =August2026Primary_Tracking!E16 -> 12897 | F13: =August2026Primary_Tracking!F16 -> 0.1044 | G13: =E13/C13 -> 0.56627881 | H13: =C13-E13 -> 9878 | I13: =H13/H$10 -> 0.11313062 | J13: =I13-F13 -> 0.008730619 | K13: =August2026Primary_Tracking!G16 -> 16323 | L13: =August2026Primary_Tracking!H16 -> 0.1063 | M13: =August2026Primary_Tracking!I16 -> 0.19 | N13: =August2026Primary_Tracking!J16 -> 3426 | O13: =August2026Primary_Tracking!K16 -> 0.1141 | P13: =August2026Primary_Tracking!L16 -> 20321 | Q13: =August2026Primary_Tracking!M16 -> 0.10830877 | R13: =August2026Primary_Tracking!N16 -> 0.39 | ... AN13: =August2026Primary_Tracking!AJ16 -> 0.1222277
A14: Rick Larsen | B14: Democratic | C14: =AJ14 -> 88708 | D14: =AK14 -> 0.423407 | E14: =August2026Primary_Tracking!E17 -> 55387 | F14: =August2026Primary_Tracking!F17 -> 0.4485 | G14: =E14/C14 -> 0.62437435 | H14: =C14-E14 -> 33321 | I14: =H14/H$10 -> 0.38161828 | J14: =I14-F14 -> -0.066881721 | K14: =August2026Primary_Tracking!G17 -> 67544 | L14: =August2026Primary_Tracking!H17 -> 0.44 | M14: =August2026Primary_Tracking!I17 -> -0.85 | N14: =August2026Primary_Tracking!J17 -> 12157 | O14: =August2026Primary_Tracking!K17 -> 0.405 | P14: =August2026Primary_Tracking!L17 -> 80452 | Q14: =August2026Primary_Tracking!M17 -> 0.42880061 | R14: =August2026Primary_Tracking!N17 -> -1.97 | ... AN14: =August2026Primary_Tracking!AJ17 -> 0.34056185
A15: Congress 3rd | B15: TOTAL VOTES | C15: =AJ15 -> 216864 | D15: =AK15 -> 0 | E15: =August2026Primary_Tracking!E21 -> 140669 | F15: =August2026Primary_Tracking!F21 | G15: =E15/C15 -> 0.64865077 | H15: =C15-E15 -> 76195 | K15: =August2026Primary_Tracking!G21 -> 175609 | L15: =August2026Primary_Tracking!H21 | M15: =August2026Primary_Tracking!I21 | N15: =August2026Primary_Tracking!J21 -> 34940 | O15: =August2026Primary_Tracking!K21 | P15: =August2026Primary_Tracking!L21 -> 206503 | Q15: =August2026Primary_Tracking!M21 | R15: =August2026Primary_Tracking!N21 | ... AN15: =August2026Primary_Tracking!AJ21 -> 0
A16: Marie Gluesenkamp Perez | B16: Democratic | C16: =AJ16 -> 78025 | D16: =AK16 -> 0.36376818 | E16: =August2026Primary_Tracking!E22 -> 54132 | F16: =August2026Primary_Tracking!F22 -> 0.389 | G16: =E16/C16 -> 0.69377764 | H16: =C16-E16 -> 23893 | I16: =H16/H$15 -> 0.31357701 | J16: =I16-F16 -> -0.075422994 | K16: =August2026Primary_Tracking!G22 -> 65224 | L16: =August2026Primary_Tracking!H22 -> 0.3753 | M16: =August2026Primary_Tracking!I22 -> -1.37 | N16: =August2026Primary_Tracking!J22 -> 11092 | O16: =August2026Primary_Tracking!K22 -> 0.3203 | P16: =August2026Primary_Tracking!L22 -> 75032 | Q16: =August2026Primary_Tracking!M22 -> 0.36707697 | R16: =August2026Primary_Tracking!N22 -> -2.19 | ... AN16: =August2026Primary_Tracking!AJ22 -> 0.28150134
A17: Brent Hennrich | B17: DSA | C17: =AJ17 -> 35820 | D17: =AK17 -> 0.16700001 | E17: =August2026Primary_Tracking!E23 -> 21290 | F17: =August2026Primary_Tracking!F23 -> 0.153 | G17: =E17/C17 -> 0.59436069 | H17: =C17-E17 -> 14530 | I17: =H17/H$15 -> 0.19069493 | J17: =I17-F17 -> 0.037694927 | K17: =August2026Primary_Tracking!G23 -> 28062 | L17: =August2026Primary_Tracking!H23 -> 0.1615 | M17: =August2026Primary_Tracking!I23 -> 0.85 | N17: =August2026Primary_Tracking!J23 -> 6772 | O17: =August2026Primary_Tracking!K23 -> 0.1955 | P17: =August2026Primary_Tracking!L23 -> 34479 | Q17: =August2026Primary_Tracking!M23 -> 0.16868065 | R17: =August2026Primary_Tracking!N23 -> 1.57 | ... AN17: =August2026Primary_Tracking!AJ23 -> 0.12198391
A18: John P. Roco | B18: Republican | C18: =AJ18 -> 4102 | D18: =AK18 -> 0.019124346 | E18: =August2026Primary_Tracking!E24 -> 2666 | F18: =August2026Primary_Tracking!F24 -> 0.0192 | G18: =E18/C18 -> 0.64992686 | H18: =C18-E18 -> 1436 | I18: =H18/H$15 -> 0.018846381 | J18: =I18-F18 -> -0.000353619 | K18: =August2026Primary_Tracking!G24 -> 3184 | L18: =August2026Primary_Tracking!H24 -> 0.0183 | M18: =August2026Primary_Tracking!I24 -> -0.09 | N18: =August2026Primary_Tracking!J24 -> 518 | O18: =August2026Primary_Tracking!K24 -> 0.015 | P18: =August2026Primary_Tracking!L24 -> 3733 | Q18: =August2026Primary_Tracking!M24 -> 0.018262852 | R18: =August2026Primary_Tracking!N24 -> -0.09 | ... AN18: =August2026Primary_Tracking!AJ24 -> 0.035522788
A19: John Saulie-Rohman | B19: Independent | C19: =AJ19 -> 3549 | D19: =AK19 -> 0.016546149 | E19: =August2026Primary_Tracking!E25 -> 2121 | F19: =August2026Primary_Tracking!F25 -> 0.0152 | G19: =E19/C19 -> 0.59763314 | H19: =C19-E19 -> 1428 | I19: =H19/H$15 -> 0.018741387 | J19: =I19-F19 -> 0.0035413872 | K19: =August2026Primary_Tracking!G25 -> 2686 | L19: =August2026Primary_Tracking!H25 -> 0.0155 | M19: =August2026Primary_Tracking!I25 -> 0.03 | N19: =August2026Primary_Tracking!J25 -> 565 | O19: =August2026Primary_Tracking!K25 -> 0.0163 | P19: =August2026Primary_Tracking!L25 -> 3269 | Q19: =August2026Primary_Tracking!M25 -> 0.015992838 | R19: =August2026Primary_Tracking!N25 -> 0.08 | ... AN19: =August2026Primary_Tracking!AJ25 -> 0.028820375
A20: Troy Rasband | B20: Democratic | C20: =AJ20 -> 2058 | D20: =AK20 -> 0.0095948082 | E20: =August2026Primary_Tracking!E26 -> 1297 | F20: =August2026Primary_Tracking!F26 -> 0.0093 | G20: =E20/C20 -> 0.63022352 | H20: =C20-E20 -> 761 | I20: =H20/H$15 -> 0.009987532 | J20: =I20-F20 -> 0.00068753199 | K20: =August2026Primary_Tracking!G26 -> 1613 | L20: =August2026Primary_Tracking!H26 -> 0.0093 | M20: =August2026Primary_Tracking!I26 -> 0 | N20: =August2026Primary_Tracking!J26 -> 316 | O20: =August2026Primary_Tracking!K26 -> 0.0091 | P20: =August2026Primary_Tracking!L26 -> 1948 | Q20: =August2026Primary_Tracking!M26 -> 0.0095301462 | R20: =August2026Primary_Tracking!N26 -> 0.02 | ... AN20: =August2026Primary_Tracking!AJ26 -> 0.011394102
A21: John Braun | B21: Republican | C21: =AJ21 -> 85064 | D21: =AK21 -> 0.3965854 | E21: =August2026Primary_Tracking!E27 -> 53869 | F21: =August2026Primary_Tracking!F27 -> 0.3871 | G21: =E21/C21 -> 0.63327612 | H21: =C21-E21 -> 31195 | I21: =H21/H$15 -> 0.40941007 | J21: =I21-F21 -> 0.022310066 | K21: =August2026Primary_Tracking!G27 -> 68432 | L21: =August2026Primary_Tracking!H27 -> 0.3937 | M21: =August2026Primary_Tracking!I27 -> 0.66 | N21: =August2026Primary_Tracking!J27 -> 14563 | O21: =August2026Primary_Tracking!K27 -> 0.4205 | P21: =August2026Primary_Tracking!L27 -> 80572 | Q21: =August2026Primary_Tracking!M27 -> 0.39418015 | R21: =August2026Primary_Tracking!N27 -> 0.71 | ... AN21: =August2026Primary_Tracking!AJ27 -> 0.47184987
A22: Antony Barran | B22: Independent | C22: =AJ22 -> 1345 | D22: =AK22 -> 0.0062706594 | E22: =August2026Primary_Tracking!E28 -> 763 | F22: =August2026Primary_Tracking!F28 -> 0.0055 | G22: =E22/C22 -> 0.56728625 | H22: =C22-E22 -> 582 | I22: =H22/H$15 -> 0.0076382965 | J22: =I22-F22 -> 0.0021382965 | K22: =August2026Primary_Tracking!G28 -> 987 | L22: =August2026Primary_Tracking!H28 -> 0.0057 | M22: =August2026Primary_Tracking!I28 -> 0.02 | N22: =August2026Primary_Tracking!J28 -> 224 | O22: =August2026Primary_Tracking!K28 -> 0.0065 | P22: =August2026Primary_Tracking!L28 -> 1206 | Q22: =August2026Primary_Tracking!M28 -> 0.0059000802 | R22: =August2026Primary_Tracking!N28 -> 0.04 | ... AN22: =August2026Primary_Tracking!AJ28 -> 0.014075067
A23: Austin Braswell | B23: Democratic | C23: =AJ23 -> 1656 | D23: =AK23 -> 0.0077206037 | E23: =August2026Primary_Tracking!E29 -> 1084 | F23: =August2026Primary_Tracking!F29 -> 0.0078 | G23: =E23/C23 -> 0.65458937 | H23: =C23-E23 -> 572 | I23: =H23/H$15 -> 0.0075070543 | J23: =I23-F23 -> -0.00029294573 | K23: =August2026Primary_Tracking!G29 -> 1342 | L23: =August2026Primary_Tracking!H29 -> 0.0077 | M23: =August2026Primary_Tracking!I29 -> -0.01 | N23: =August2026Primary_Tracking!J29 -> 258 | O23: =August2026Primary_Tracking!K29 -> 0.0074 | P23: =August2026Primary_Tracking!L29 -> 1553 | Q23: =August2026Primary_Tracking!M29 -> 0.0075976987 | R23: =August2026Primary_Tracking!N29 -> -0.02 | ... AN23: =August2026Primary_Tracking!AJ29 -> 0.012064343
A24: Lawrence Kellogg | B24: Republican | C24: =AJ24 -> 2727 | D24: =AK24 -> 0.01271382 | E24: =August2026Primary_Tracking!E30 -> 1857 | F24: =August2026Primary_Tracking!F30 -> 0.0133 | G24: =E24/C24 -> 0.6809681 | H24: =C24-E24 -> 870 | I24: =H24/H$15 -> 0.011418072 | J24: =I24-F24 -> -0.0018819279 | K24: =August2026Primary_Tracking!G30 -> 2165 | L24: =August2026Primary_Tracking!H30 -> 0.0125 | M24: =August2026Primary_Tracking!I30 -> -0.08 | N24: =August2026Primary_Tracking!J30 -> 308 | O24: =August2026Primary_Tracking!K30 -> 0.0089 | P24: =August2026Primary_Tracking!L30 -> 2481 | Q24: =August2026Primary_Tracking!M30 -> 0.012137727 | R24: =August2026Primary_Tracking!N30 -> -0.12 | ... AN24: =August2026Primary_Tracking!AJ30 -> 0.02613941
A25: Congress 4th | B25: TOTAL VOTES | C25: =AJ25 -> 145781 | D25: =AK25 -> 0 | E25: =August2026Primary_Tracking!E34 -> 75273 | F25: =August2026Primary_Tracking!F34 | G25: =E25/C25 -> 0.51634301 | H25: =C25-E25 -> 70508 | K25: =August2026Primary_Tracking!G34 -> 93309 | L25: =August2026Primary_Tracking!H34 | M25: =August2026Primary_Tracking!I34 | N25: =August2026Primary_Tracking!J34 -> 18036 | O25: =August2026Primary_Tracking!K34 | P25: =August2026Primary_Tracking!L34 -> 106450 | Q25: =August2026Primary_Tracking!M34 | R25: =August2026Primary_Tracking!N34 | ... AN25: =August2026Primary_Tracking!AJ34 -> 0
A26: Jacek "Jack" Kobiesa | B26: Independent | C26: =AJ26 -> 2214 | D26: =AK26 -> 0.015519308 | E26: =August2026Primary_Tracking!E35 -> 1198 | F26: =August2026Primary_Tracking!F35 -> 0.0163 | G26: =E26/C26 -> 0.54110208 | H26: =C26-E26 -> 1016 | I26: =H26/H$25 -> 0.014409712 | J26: =I26-F26 -> -0.0018902876 | K26: =August2026Primary_Tracking!G35 -> 1451 | L26: =August2026Primary_Tracking!H35 -> 0.0159 | M26: =August2026Primary_Tracking!I35 -> -0.04 | N26: =August2026Primary_Tracking!J35 -> 253 | O26: =August2026Primary_Tracking!K35 -> 0.0144 | P26: =August2026Primary_Tracking!L35 -> 1606 | Q26: =August2026Primary_Tracking!M35 -> 0.015428659 | R26: =August2026Primary_Tracking!N35 -> -0.09 | ... AN26: =August2026Primary_Tracking!AJ35 -> 0.0095328885
A27: Amanda McKinney | B27: Republican | C27: =AJ27 -> 49652 | D27: =AK27 -> 0.34804186 | E27: =August2026Primary_Tracking!E36 -> 25633 | F27: =August2026Primary_Tracking!F36 -> 0.3485 | G27: =E27/C27 -> 0.51625312 | H27: =C27-E27 -> 24019 | I27: =H27/H$25 -> 0.34065638 | J27: =I27-F27 -> -0.0078436206 | K27: =August2026Primary_Tracking!G36 -> 31557 | L27: =August2026Primary_Tracking!H36 -> 0.3461 | M27: =August2026Primary_Tracking!I36 -> -0.24 | N27: =August2026Primary_Tracking!J36 -> 5924 | O27: =August2026Primary_Tracking!K36 -> 0.3363 | P27: =August2026Primary_Tracking!L36 -> 36405 | Q27: =August2026Primary_Tracking!M36 -> 0.34973869 | R27: =August2026Primary_Tracking!N36 -> 0.12 | ... AN27: =August2026Primary_Tracking!AJ36 -> 0.29742612
A28: John Duresky | B28: Democratic | C28: =AJ28 -> 42681 | D28: =AK28 -> 0.29917777 | E28: =August2026Primary_Tracking!E37 -> 22657 | F28: =August2026Primary_Tracking!F37 -> 0.308 | G28: =E28/C28 -> 0.53084511 | H28: =C28-E28 -> 20024 | I28: =H28/H$25 -> 0.28399614 | J28: =I28-F28 -> -0.024003858 | K28: =August2026Primary_Tracking!G37 -> 27963 | L28: =August2026Primary_Tracking!H37 -> 0.3067 | M28: =August2026Primary_Tracking!I37 -> -0.13 | N28: =August2026Primary_Tracking!J37 -> 5306 | O28: =August2026Primary_Tracking!K37 -> 0.3012 | P28: =August2026Primary_Tracking!L37 -> 31659 | Q28: =August2026Primary_Tracking!M37 -> 0.30414441 | R28: =August2026Primary_Tracking!N37 -> -0.39 | ... AN28: =August2026Primary_Tracking!AJ37 -> 0.31172545
A29: John C. Hughs | B29: Republican | C29: =AJ29 -> 1695 | D29: =AK29 -> 0.011881313 | E29: =August2026Primary_Tracking!E38 -> 925 | F29: =August2026Primary_Tracking!F38 -> 0.0126 | G29: =E29/C29 -> 0.54572271 | H29: =C29-E29 -> 770 | I29: =H29/H$25 -> 0.010920747 | J29: =I29-F29 -> -0.0016792534 | K29: =August2026Primary_Tracking!G38 -> 1072 | L29: =August2026Primary_Tracking!H38 -> 0.0118 | M29: =August2026Primary_Tracking!I38 -> -0.08 | N29: =August2026Primary_Tracking!J38 -> 147 | O29: =August2026Primary_Tracking!K38 -> 0.0083 | P29: =August2026Primary_Tracking!L38 -> 1201 | Q29: =August2026Primary_Tracking!M38 -> 0.01153787 | R29: =August2026Primary_Tracking!N38 -> -0.11 | ... AN29: =August2026Primary_Tracking!AJ38 -> 0.01620591
A30: Favian Valencia | B30: Independent | C30: =AJ30 -> 5776 | D30: =AK30 -> 0.040487589 | E30: =August2026Primary_Tracking!E39 -> 2761 | F30: =August2026Primary_Tracking!F39 -> 0.0375 | G30: =E30/C30 -> 0.47801247 | H30: =C30-E30 -> 3015 | I30: =H30/H$25 -> 0.042761105 | J30: =I30-F30 -> 0.0052611051 | K30: =August2026Primary_Tracking!G39 -> 3514 | L30: =August2026Primary_Tracking!H39 -> 0.0385 | M30: =August2026Primary_Tracking!I39 -> 0.1 | N30: =August2026Primary_Tracking!J39 -> 753 | O30: =August2026Primary_Tracking!K39 -> 0.0427 | P30: =August2026Primary_Tracking!L39 -> 4194 | Q30: =August2026Primary_Tracking!M39 -> 0.040291281 | R30: =August2026Primary_Tracking!N39 -> 0.28 | ... AN30: =August2026Primary_Tracking!AJ39 -> 0.070543375
A31: Jerrod Sessler | B31: Republican | C31: =AJ31 -> 20808 | D31: =AK31 -> 0.14585626 | E31: =August2026Primary_Tracking!E40 -> 10426 | F31: =August2026Primary_Tracking!F40 -> 0.1417 | G31: =E31/C31 -> 0.50105729 | H31: =C31-E31 -> 10382 | I31: =H31/H$25 -> 0.1472457 | J31: =I31-F31 -> 0.0055457026 | K31: =August2026Primary_Tracking!G40 -> 12854 | L31: =August2026Primary_Tracking!H40 -> 0.141 | M31: =August2026Primary_Tracking!I40 -> -0.07 | N31: =August2026Primary_Tracking!J40 -> 2428 | O31: =August2026Primary_Tracking!K40 -> 0.1378 | P31: =August2026Primary_Tracking!L40 -> 15035 | Q31: =August2026Primary_Tracking!M40 -> 0.14443953 | R31: =August2026Primary_Tracking!N40 -> 0.27 | ... AN31: =August2026Primary_Tracking!AJ40 -> 0.14775977
A32: Devin Poore | B32: Independent | C32: =AJ32 -> 1956 | D32: =AK32 -> 0.013710825 | E32: =August2026Primary_Tracking!E41 -> 873 | F32: =August2026Primary_Tracking!F41 -> 0.0119 | G32: =E32/C32 -> 0.44631902 | H32: =C32-E32 -> 1083 | I32: =H32/H$25 -> 0.015359959 | J32: =I32-F32 -> 0.0034599592 | K32: =August2026Primary_Tracking!G41 -> 1078 | L32: =August2026Primary_Tracking!H41 -> 0.0118 | M32: =August2026Primary_Tracking!I41 -> -0.01 | N32: =August2026Primary_Tracking!J41 -> 205 | O32: =August2026Primary_Tracking!K41 -> 0.0116 | P32: =August2026Primary_Tracking!L41 -> 1256 | Q32: =August2026Primary_Tracking!M41 -> 0.012066249 | R32: =August2026Primary_Tracking!N41 -> 0.02 | ... AN32: =August2026Primary_Tracking!AJ41 -> 0.020019066
A33: Ken Vaz | B33: Republican | C33: =AJ33 -> 477 | D33: =AK33 -> 0.0033435908 | E33: =August2026Primary_Tracking!E42 -> 220 | F33: =August2026Primary_Tracking!F42 -> 0.003 | G33: =E33/C33 -> 0.46121593 | H33: =C33-E33 -> 257 | I33: =H33/H$25 -> 0.0036449765 | J33: =I33-F33 -> 0.00064497646 | K33: =August2026Primary_Tracking!G42 -> 282 | L33: =August2026Primary_Tracking!H42 -> 0.0031 | M33: =August2026Primary_Tracking!I42 -> 0.01 | N33: =August2026Primary_Tracking!J42 -> 62 | O33: =August2026Primary_Tracking!K42 -> 0.0035 | P33: =August2026Primary_Tracking!L42 -> 326 | Q33: =August2026Primary_Tracking!M42 -> 0.0031318449 | R33: =August2026Primary_Tracking!N42 -> 0.01 | ... AN33: =August2026Primary_Tracking!AJ42 -> 0.0038131554
A34: Zac Rossi | B34: Republican | C34: =AJ34 -> 879 | D34: =AK34 -> 0.0061614597 | E34: =August2026Primary_Tracking!E43 -> 502 | F34: =August2026Primary_Tracking!F43 -> 0.0068 | G34: =E34/C34 -> 0.57110353 | H34: =C34-E34 -> 377 | I34: =H34/H$25 -> 0.005346911 | J34: =I34-F34 -> -0.001453089 | K34: =August2026Primary_Tracking!G43 -> 583 | L34: =August2026Primary_Tracking!H43 -> 0.0064 | M34: =August2026Primary_Tracking!I43 -> -0.04 | N34: =August2026Primary_Tracking!J43 -> 81 | O34: =August2026Primary_Tracking!K43 -> 0.0046 | P34: =August2026Primary_Tracking!L43 -> 641 | Q34: =August2026Primary_Tracking!M43 -> 0.0061580141 | R34: =August2026Primary_Tracking!N43 -> -0.06 | ... AN34: =August2026Primary_Tracking!AJ43 -> 0.0076263108
A35: Elpidia Saavedra | B35: Republican | C35: =AJ35 -> 1393 | D35: =AK35 -> 0.0097644065 | E35: =August2026Primary_Tracking!E44 -> 708 | F35: =August2026Primary_Tracking!F44 -> 0.0096 | G35: =E35/C35 -> 0.50825556 | H35: =C35-E35 -> 685 | I35: =H35/H$25 -> 0.0097152096 | J35: =I35-F35 -> 0.00011520962 | K35: =August2026Primary_Tracking!G44 -> 866 | L35: =August2026Primary_Tracking!H44 -> 0.0095 | M35: =August2026Primary_Tracking!I44 -> -0.01 | N35: =August2026Primary_Tracking!J44 -> 158 | O35: =August2026Primary_Tracking!K44 -> 0.009 | P35: =August2026Primary_Tracking!L44 -> 1026 | Q35: =August2026Primary_Tracking!M44 -> 0.0098566653 | R35: =August2026Primary_Tracking!N44 -> 0.03 | ... AN35: =August2026Primary_Tracking!AJ44 -> 0.013346044
A36: Matt Boehnke | B36: Republican | C36: =AJ36 -> 15013 | D36: =AK36 -> 0.10523549 | E36: =August2026Primary_Tracking!E45 -> 7576 | F36: =August2026Primary_Tracking!F45 -> 0.103 | G36: =E36/C36 -> 0.50462932 | H36: =C36-E36 -> 7437 | I36: =H36/H$25 -> 0.10547739 | J36: =I36-F36 -> 0.0024773926 | K36: =August2026Primary_Tracking!G45 -> 9862 | L36: =August2026Primary_Tracking!H45 -> 0.1082 | M36: =August2026Primary_Tracking!I45 -> 0.52 | N36: =August2026Primary_Tracking!J45 -> 2286 | O36: =August2026Primary_Tracking!K45 -> 0.1298 | P36: =August2026Primary_Tracking!L45 -> 10646 | Q36: =August2026Primary_Tracking!M45 -> 0.10227491 | R36: =August2026Primary_Tracking!N45 -> -0.07 | ... AN36: =August2026Primary_Tracking!AJ45 -> 0.10581506
A37: Congress 5th | B37: TOTAL VOTES | C37: =AJ37 -> 191653 | D37: =AK37 -> 0 | E37: =August2026Primary_Tracking!E49 -> 105659 | F37: =August2026Primary_Tracking!F49 | G37: =E37/C37 -> 0.55130366 | H37: =C37-E37 -> 85994 | K37: =August2026Primary_Tracking!G49 -> 119831 | L37: =August2026Primary_Tracking!H49 | M37: =August2026Primary_Tracking!I49 | N37: =August2026Primary_Tracking!J49 -> 14172 | O37: =August2026Primary_Tracking!K49 | P37: =August2026Primary_Tracking!L49 -> 136944 | Q37: =August2026Primary_Tracking!M49 | R37: =August2026Primary_Tracking!N49 | ... AN37: =August2026Primary_Tracking!AJ49 -> 0
A38: Nate Powell | B38: Independent | C38: =AJ38 -> 33443 | D38: =AK38 -> 0.16376849 | E38: =August2026Primary_Tracking!E50 -> 16216 | F38: =August2026Primary_Tracking!F50 -> 0.1435 | G38: =E38/C38 -> 0.48488473 | H38: =C38-E38 -> 17227 | I38: =H38/H$37 -> 0.20032793 | J38: =I38-F38 -> 0.05682793 | K38: =August2026Primary_Tracking!G50 -> 18858 | L38: =August2026Primary_Tracking!H50 -> 0.1485 | M38: =August2026Primary_Tracking!I50 -> 0.5 | N38: =August2026Primary_Tracking!J50 -> 2642 | O38: =August2026Primary_Tracking!K50 -> 0.1889 | P38: =August2026Primary_Tracking!L50 -> 22213 | Q38: =August2026Primary_Tracking!M50 -> 0.15441243 | R38: =August2026Primary_Tracking!N50 -> 1.09 | ... AN38: =August2026Primary_Tracking!AJ50 -> 0.14218976
A39: Carmela Conroy | B39: Democratic | C39: =AJ39 -> 38487 | D39: =AK39 -> 0.18846868 | E39: =August2026Primary_Tracking!E51 -> 23536 | F39: =August2026Primary_Tracking!F51 -> 0.2083 | G39: =E39/C39 -> 0.61153117 | H39: =C39-E39 -> 14951 | I39: =H39/H$37 -> 0.17386097 | J39: =I39-F39 -> -0.034439033 | K39: =August2026Primary_Tracking!G51 -> 26389 | L39: =August2026Primary_Tracking!H51 -> 0.2078 | M39: =August2026Primary_Tracking!I51 -> -0.05 | N39: =August2026Primary_Tracking!J51 -> 2853 | O39: =August2026Primary_Tracking!K51 -> 0.204 | P39: =August2026Primary_Tracking!L51 -> 29197 | Q39: =August2026Primary_Tracking!M51 -> 0.20296132 | R39: =August2026Primary_Tracking!N51 -> -0.53 | ... AN39: =August2026Primary_Tracking!AJ51 -> 0.12622101
A40: Matthew Hayes | B40: Independent | C40: =AJ40 -> 2417 | D40: =AK40 -> 0.011835913 | E40: =August2026Primary_Tracking!E52 -> 1455 | F40: =August2026Primary_Tracking!F52 -> 0.0129 | G40: =E40/C40 -> 0.60198593 | H40: =C40-E40 -> 962 | I40: =H40/H$37 -> 0.011186827 | J40: =I40-F40 -> -0.001713173 | K40: =August2026Primary_Tracking!G52 -> 1584 | L40: =August2026Primary_Tracking!H52 -> 0.0125 | M40: =August2026Primary_Tracking!I52 -> -0.04 | N40: =August2026Primary_Tracking!J52 -> 129 | O40: =August2026Primary_Tracking!K52 -> 0.0092 | P40: =August2026Primary_Tracking!L52 -> 1741 | Q40: =August2026Primary_Tracking!M52 -> 0.012102464 | R40: =August2026Primary_Tracking!N52 -> -0.08 | ... AN40: =August2026Primary_Tracking!AJ52 -> 0.012571137
A41: Bajun R. Mavalwalla | B41: Democratic | C41: =AJ41 -> 6482 | D41: =AK41 -> 0.03174199 | E41: =August2026Primary_Tracking!E53 -> 3290 | F41: =August2026Primary_Tracking!F53 -> 0.0291 | G41: =E41/C41 -> 0.5075594 | H41: =C41-E41 -> 3192 | I41: =H41/H$37 -> 0.037118869 | J41: =I41-F41 -> 0.0080188688 | K41: =August2026Primary_Tracking!G53 -> 3809 | L41: =August2026Primary_Tracking!H53 -> 0.03 | M41: =August2026Primary_Tracking!I53 -> 0.09 | N41: =August2026Primary_Tracking!J53 -> 519 | O41: =August2026Primary_Tracking!K53 -> 0.0371 | P41: =August2026Primary_Tracking!L53 -> 4405 | Q41: =August2026Primary_Tracking!M53 -> 0.030621112 | R41: =August2026Primary_Tracking!N53 -> 0.15 | ... AN41: =August2026Primary_Tracking!AJ53 -> 0.029983861
A42: Michael McGarr | B42: Democratic | C42: =AJ42 -> 1152 | D42: =AK42 -> 0.0056412793 | E42: =August2026Primary_Tracking!E54 -> 757 | F42: =August2026Primary_Tracking!F54 -> 0.0067 | G42: =E42/C42 -> 0.65711806 | H42: =C42-E42 -> 395 | I42: =H42/H$37 -> 0.0045933437 | J42: =I42-F42 -> -0.0021066563 | K42: =August2026Primary_Tracking!G54 -> 808 | L42: =August2026Primary_Tracking!H54 -> 0.0064 | M42: =August2026Primary_Tracking!I54 -> -0.03 | N42: =August2026Primary_Tracking!J54 -> 51 | O42: =August2026Primary_Tracking!K54 -> 0.0036 | P42: =August2026Primary_Tracking!L54 -> 872 | Q42: =August2026Primary_Tracking!M54 -> 0.0060616593 | R42: =August2026Primary_Tracking!N54 -> -0.06 | ... AN42: =August2026Primary_Tracking!AJ54 -> 0.0046717064
A43: Kevin Fagan | B43: DSA | C43: =AJ43 -> 9048 | D43: =AK43 -> 0.044307548 | E43: =August2026Primary_Tracking!E55 -> 4089 | F43: =August2026Primary_Tracking!F55 -> 0.0362 | G43: =E43/C43 -> 0.45192308 | H43: =C43-E43 -> 4959 | I43: =H43/H$37 -> 0.057666814 | J43: =I43-F43 -> 0.021466814 | K43: =August2026Primary_Tracking!G55 -> 4851 | L43: =August2026Primary_Tracking!H55 -> 0.0382 | M43: =August2026Primary_Tracking!I55 -> 0.2 | N43: =August2026Primary_Tracking!J55 -> 762 | O43: =August2026Primary_Tracking!K55 -> 0.0545 | P43: =August2026Primary_Tracking!L55 -> 5863 | Q43: =August2026Primary_Tracking!M55 -> 0.040756317 | R43: =August2026Primary_Tracking!N55 -> 0.46 | ... AN43: =August2026Primary_Tracking!AJ55 -> 0.02862482
A44: Michael Baumgartner | B44: Republican | C44: =AJ44 -> 96791 | D44: =AK44 -> 0.47398009 | E44: =August2026Primary_Tracking!E56 -> 54205 | F44: =August2026Primary_Tracking!F56 -> 0.4797 | G44: =E44/C44 -> 0.56002108 | H44: =C44-E44 -> 42586 | I44: =H44/H$37 -> 0.4952206 | J44: =I44-F44 -> 0.015520597 | K44: =August2026Primary_Tracking!G56 -> 60162 | L44: =August2026Primary_Tracking!H56 -> 0.4738 | M44: =August2026Primary_Tracking!I56 -> -0.59 | N44: =August2026Primary_Tracking!J56 -> 5957 | O44: =August2026Primary_Tracking!K56 -> 0.4259 | P44: =August2026Primary_Tracking!L56 -> 67958 | Q44: =August2026Primary_Tracking!M56 -> 0.47240624 | R44: =August2026Primary_Tracking!N56 -> -0.73 | ... AN44: =August2026Primary_Tracking!AJ56 -> 0.55593307
A45: Kyle Usrey | B45: Independent | C45: =AJ45 -> 2274 | D45: =AK45 -> 0.01113565 | E45: =August2026Primary_Tracking!E57 -> 1289 | F45: =August2026Primary_Tracking!F57 -> 0.0114 | G45: =E45/C45 -> 0.56684257 | H45: =C45-E45 -> 985 | I45: =H45/H$37 -> 0.011454288 | J45: =I45-F45 -> 5.4287508e-05 | K45: =August2026Primary_Tracking!G57 -> 1452 | L45: =August2026Primary_Tracking!H57 -> 0.0114 | M45: =August2026Primary_Tracking!I57 -> 0 | N45: =August2026Primary_Tracking!J57 -> 163 | O45: =August2026Primary_Tracking!K57 -> 0.0117 | P45: =August2026Primary_Tracking!L57 -> 1600 | Q45: =August2026Primary_Tracking!M57 -> 0.011122311 | R45: =August2026Primary_Tracking!N57 -> -0.03 | ... AN45: =August2026Primary_Tracking!AJ57 -> 0.0093434129
A46: Andrew Bartleson | B46: Independent | C46: =AJ46 -> 915 | D46: =AK46 -> 0.0044807036 | E46: =August2026Primary_Tracking!E58 -> 425 | F46: =August2026Primary_Tracking!F58 -> 0.0038 | G46: =E46/C46 -> 0.46448087 | H46: =C46-E46 -> 490 | I46: =H46/H$37 -> 0.005698072 | J46: =I46-F46 -> 0.001898072 | K46: =August2026Primary_Tracking!G58 -> 486 | L46: =August2026Primary_Tracking!H58 -> 0.0038 | M46: =August2026Primary_Tracking!I58 -> 0 | N46: =August2026Primary_Tracking!J58 -> 61 | O46: =August2026Primary_Tracking!K58 -> 0.0044 | P46: =August2026Primary_Tracking!L58 -> 583 | Q46: =August2026Primary_Tracking!M58 -> 0.0040526919 | R46: =August2026Primary_Tracking!N58 -> 0.03 | ... AN46: =August2026Primary_Tracking!AJ58 -> 0.0046717064
A47: Ann Marie Danimus | B47: Independent | C47: =AJ47 -> 2920 | D47: =AK47 -> 0.014299076 | E47: =August2026Primary_Tracking!E59 -> 1599 | F47: =August2026Primary_Tracking!F59 -> 0.0142 | G47: =E47/C47 -> 0.54760274 | H47: =C47-E47 -> 1321 | I47: =H47/H$37 -> 0.015361537 | J47: =I47-F47 -> 0.0011615369 | K47: =August2026Primary_Tracking!G59 -> 1753 | L47: =August2026Primary_Tracking!H59 -> 0.0138 | M47: =August2026Primary_Tracking!I59 -> -0.04 | N47: =August2026Primary_Tracking!J59 -> 154 | O47: =August2026Primary_Tracking!K59 -> 0.011 | P47: =August2026Primary_Tracking!L59 -> 1988 | Q47: =August2026Primary_Tracking!M59 -> 0.013819471 | R47: =August2026Primary_Tracking!N59 -> -0.04 | ... AN47: =August2026Primary_Tracking!AJ59 -> 0.016393443
A48: Richard Freudenberg | B48: Democratic | C48: =AJ48 -> 2866 | D48: =AK48 -> 0.014034641 | E48: =August2026Primary_Tracking!E60 -> 1490 | F48: =August2026Primary_Tracking!F60 -> 0.0132 | G48: =E48/C48 -> 0.51988835 | H48: =C48-E48 -> 1376 | I48: =H48/H$37 -> 0.016001116 | J48: =I48-F48 -> 0.0028011164 | K48: =August2026Primary_Tracking!G60 -> 1792 | L48: =August2026Primary_Tracking!H60 -> 0.0141 | M48: =August2026Primary_Tracking!I60 -> 0.09 | N48: =August2026Primary_Tracking!J60 -> 302 | O48: =August2026Primary_Tracking!K60 -> 0.0216 | P48: =August2026Primary_Tracking!L60 -> 2035 | Q48: =August2026Primary_Tracking!M60 -> 0.014146189 | R48: =August2026Primary_Tracking!N60 -> 0.09 | ... AN48: =August2026Primary_Tracking!AJ60 -> 0.010022934
A49: David Womack | B49: Democratic | C49: =AJ49 -> 7242 | D49: =AK49 -> 0.035463667 | E49: =August2026Primary_Tracking!E61 -> 4542 | F49: =August2026Primary_Tracking!F61 -> 0.0402 | G49: =E49/C49 -> 0.62717481 | H49: =C49-E49 -> 2700 | I49: =H49/H$37 -> 0.031397539 | J49: =I49-F49 -> -0.0088024606 | K49: =August2026Primary_Tracking!G61 -> 4922 | L49: =August2026Primary_Tracking!H61 -> 0.0388 | M49: =August2026Primary_Tracking!I61 -> -0.14 | N49: =August2026Primary_Tracking!J61 -> 380 | O49: =August2026Primary_Tracking!K61 -> 0.0272 | P49: =August2026Primary_Tracking!L61 -> 5270 | Q49: =August2026Primary_Tracking!M61 -> 0.036634111 | R49: =August2026Primary_Tracking!N61 -> -0.36 | ... AN49: =August2026Primary_Tracking!AJ61 -> 0.058353861
A50: Congress 6th | B50: TOTAL VOTES | C50: =AJ50 -> 213145 | D50: =AK50 -> 0 | E50: =August2026Primary_Tracking!E65 -> 115692 | F50: =August2026Primary_Tracking!F65 | G50: =E50/C50 -> 0.54278543 | H50: =C50-E50 -> 97453 | K50: =August2026Primary_Tracking!G65 -> 135916 | L50: =August2026Primary_Tracking!H65 | M50: =August2026Primary_Tracking!I65 | N50: =August2026Primary_Tracking!J65 -> 20224 | O50: =August2026Primary_Tracking!K65 | P50: =August2026Primary_Tracking!L65 -> 161351 | Q50: =August2026Primary_Tracking!M65 | R50: =August2026Primary_Tracking!N65 | ... AN50: =August2026Primary_Tracking!AJ65 -> 0
A51: Emily Randall | B51: Democratic | C51: =AJ51 -> 132805 | D51: =AK51 -> 0.58773157 | E51: =August2026Primary_Tracking!E66 -> 74078 | F51: =August2026Primary_Tracking!F66 -> 0.6024 | G51: =E51/C51 -> 0.55779526 | H51: =C51-E51 -> 58727 | I51: =H51/H$50 -> 0.6026187 | J51: =I51-F51 -> 0.00021869824 | K51: =August2026Primary_Tracking!G66 -> 86774 | L51: =August2026Primary_Tracking!H66 -> 0.6071 | M51: =August2026Primary_Tracking!I66 -> 0.47 | N51: =August2026Primary_Tracking!J66 -> 12696 | O51: =August2026Primary_Tracking!K66 -> 0.6358 | P51: =August2026Primary_Tracking!L66 -> 105695 | Q51: =August2026Primary_Tracking!M66 -> 0.61031874 | R51: =August2026Primary_Tracking!N66 -> 0.79 | ... AN51: =August2026Primary_Tracking!AJ66 -> 0.48676558
A52: Brian P. O'Gorman | B52: Independent | C52: =AJ52 -> 7307 | D52: =AK52 -> 0.032337296 | E52: =August2026Primary_Tracking!E67 -> 3762 | F52: =August2026Primary_Tracking!F67 -> 0.0306 | G52: =E52/C52 -> 0.51484878 | H52: =C52-E52 -> 3545 | I52: =H52/H$50 -> 0.03637651 | J52: =I52-F52 -> 0.0057765097 | K52: =August2026Primary_Tracking!G67 -> 4359 | L52: =August2026Primary_Tracking!H67 -> 0.0305 | M52: =August2026Primary_Tracking!I67 -> -0.01 | N52: =August2026Primary_Tracking!J67 -> 597 | O52: =August2026Primary_Tracking!K67 -> 0.0299 | P52: =August2026Primary_Tracking!L67 -> 5362 | Q52: =August2026Primary_Tracking!M67 -> 0.030962005 | R52: =August2026Primary_Tracking!N67 -> 0.04 | ... AN52: =August2026Primary_Tracking!AJ67 -> 0.042017804
A53: Teresa Fox | B53: Republican | C53: =AJ53 -> 57700 | D53: =AK53 -> 0.25535267 | E53: =August2026Primary_Tracking!E68 -> 30892 | F53: =August2026Primary_Tracking!F68 -> 0.2512 | G53: =E53/C53 -> 0.53538995 | H53: =C53-E53 -> 26808 | I53: =H53/H$50 -> 0.27508645 | J53: =I53-F53 -> 0.023886452 | K53: =August2026Primary_Tracking!G68 -> 35369 | L53: =August2026Primary_Tracking!H68 -> 0.2474 | M53: =August2026Primary_Tracking!I68 -> -0.38 | N53: =August2026Primary_Tracking!J68 -> 4477 | O53: =August2026Primary_Tracking!K68 -> 0.2242 | P53: =August2026Primary_Tracking!L68 -> 42062 | Q53: =August2026Primary_Tracking!M68 -> 0.24288024 | R53: =August2026Primary_Tracking!N68 -> -0.83 | ... AN53: =August2026Primary_Tracking!AJ68 -> 0.26718101
A54: Macy Jones | B54: Independent | C54: =AJ54 -> 6044 | D54: =AK54 -> 0.02674786 | E54: =August2026Primary_Tracking!E69 -> 2707 | F54: =August2026Primary_Tracking!F69 -> 0.022 | G54: =E54/C54 -> 0.4478822 | H54: =C54-E54 -> 3337 | I54: =H54/H$50 -> 0.034242147 | J54: =I54-F54 -> 0.012242147 | K54: =August2026Primary_Tracking!G69 -> 3353 | L54: =August2026Primary_Tracking!H69 -> 0.0235 | M54: =August2026Primary_Tracking!I69 -> 0.15 | N54: =August2026Primary_Tracking!J69 -> 646 | O54: =August2026Primary_Tracking!K69 -> 0.0324 | P54: =August2026Primary_Tracking!L69 -> 4444 | Q54: =August2026Primary_Tracking!M69 -> 0.025661162 | R54: =August2026Primary_Tracking!N69 -> 0.37 | ... AN54: =August2026Primary_Tracking!AJ69 -> 0.031454006
A55: Leon Lawson | B55: Republican | C55: =AJ55 -> 21965 | D55: =AK55 -> 0.09720661 | E55: =August2026Primary_Tracking!E70 -> 11462 | F55: =August2026Primary_Tracking!F70 -> 0.0932 | G55: =E55/C55 -> 0.52183018 | H55: =C55-E55 -> 10503 | I55: =H55/H$50 -> 0.10777503 | J55: =I55-F55 -> 0.01457503 | K55: =August2026Primary_Tracking!G70 -> 13000 | L55: =August2026Primary_Tracking!H70 -> 0.0909 | M55: =August2026Primary_Tracking!I70 -> -0.23 | N55: =August2026Primary_Tracking!J70 -> 1538 | O55: =August2026Primary_Tracking!K70 -> 0.077 | P55: =August2026Primary_Tracking!L70 -> 15514 | Q55: =August2026Primary_Tracking!M70 -> 0.089583093 | R55: =August2026Primary_Tracking!N70 -> -0.36 | ... AN55: =August2026Primary_Tracking!AJ70 -> 0.16973294
A56: Congress 7th | B56: TOTAL VOTES | C56: =AJ56 -> 221294 | D56: =AK56 -> 0 | E56: =August2026Primary_Tracking!E74 -> 103074 | F56: =August2026Primary_Tracking!F74 | G56: =E56/C56 -> 0.46577856 | H56: =C56-E56 -> 118220 | K56: =August2026Primary_Tracking!G74 -> 128406 | L56: =August2026Primary_Tracking!H74 | M56: =August2026Primary_Tracking!I74 | N56: =August2026Primary_Tracking!J74 -> 25332 | O56: =August2026Primary_Tracking!K74 | P56: =August2026Primary_Tracking!L74 -> 166558 | Q56: =August2026Primary_Tracking!M74 | R56: =August2026Primary_Tracking!N74 | ... AN56: =August2026Primary_Tracking!AJ74 -> 0
A57: David W. Blomstrom | B57: Independent | C57: =AJ57 -> 4294 | D57: =AK57 -> 0.019811665 | E57: =August2026Primary_Tracking!E75 -> 2446 | F57: =August2026Primary_Tracking!F75 -> 0.0243 | G57: =E57/C57 -> 0.56963204 | H57: =C57-E57 -> 1848 | I57: =H57/H$56 -> 0.015631873 | J57: =I57-F57 -> -0.0086681272 | K57: =August2026Primary_Tracking!G75 -> 2905 | L57: =August2026Primary_Tracking!H75 -> 0.0232 | M57: =August2026Primary_Tracking!I75 -> -0.11 | N57: =August2026Primary_Tracking!J75 -> 459 | O57: =August2026Primary_Tracking!K75 -> 0.0185 | P57: =August2026Primary_Tracking!L75 -> 3516 | Q57: =August2026Primary_Tracking!M75 -> 0.021586842 | R57: =August2026Primary_Tracking!N75 -> -0.27 | ... AN57: =August2026Primary_Tracking!AJ75 -> 0.012356575
A58: Pramila Jayapal | B58: DSA | C58: =AJ58 -> 182844 | D58: =AK58 -> 0.84360596 | E58: =August2026Primary_Tracking!E76 -> 83539 | F58: =August2026Primary_Tracking!F76 -> 0.8298 | G58: =E58/C58 -> 0.45688674 | H58: =C58-E58 -> 99305 | I58: =H58/H$56 -> 0.84000169 | J58: =I58-F58 -> 0.010201692 | K58: =August2026Primary_Tracking!G76 -> 104661 | L58: =August2026Primary_Tracking!H76 -> 0.8344 | M58: =August2026Primary_Tracking!I76 -> 0.46 | N58: =August2026Primary_Tracking!J76 -> 21122 | O58: =August2026Primary_Tracking!K76 -> 0.8528 | P58: =August2026Primary_Tracking!L76 -> 136432 | Q58: =August2026Primary_Tracking!M76 -> 0.83763822 | R58: =August2026Primary_Tracking!N76 -> 0.78 | ... AN58: =August2026Primary_Tracking!AJ76 -> 0.85745808
A59: Nirav Sheth | B59: Republican | C59: =AJ59 -> 21282 | D59: =AK59 -> 0.098190928 | E59: =August2026Primary_Tracking!E77 -> 10824 | F59: =August2026Primary_Tracking!F77 -> 0.1075 | G59: =E59/C59 -> 0.50859882 | H59: =C59-E59 -> 10458 | I59: =H59/H$56 -> 0.088462189 | J59: =I59-F59 -> -0.019037811 | K59: =August2026Primary_Tracking!G77 -> 13261 | L59: =August2026Primary_Tracking!H77 -> 0.1057 | M59: =August2026Primary_Tracking!I77 -> -0.18 | N59: =August2026Primary_Tracking!J77 -> 2437 | O59: =August2026Primary_Tracking!K77 -> 0.0984 | P59: =August2026Primary_Tracking!L77 -> 16757 | Q59: =August2026Primary_Tracking!M77 -> 0.10288132 | R59: =August2026Primary_Tracking!N77 -> -0.46 | ... AN59: =August2026Primary_Tracking!AJ77 -> 0.070609003
A60: Gwen Kirkland | B60: DSA | C60: =AJ60 -> 7519 | D60: =AK60 -> 0.034691175 | E60: =August2026Primary_Tracking!E78 -> 3440 | F60: =August2026Primary_Tracking!F78 -> 0.0342 | G60: =E60/C60 -> 0.45750765 | H60: =C60-E60 -> 4079 | I60: =H60/H$56 -> 0.034503468 | J60: =I60-F60 -> 0.00030346811 | K60: =August2026Primary_Tracking!G78 -> 4137 | L60: =August2026Primary_Tracking!H78 -> 0.033 | M60: =August2026Primary_Tracking!I78 -> -0.12 | N60: =August2026Primary_Tracking!J78 -> 697 | O60: =August2026Primary_Tracking!K78 -> 0.0281 | P60: =August2026Primary_Tracking!L78 -> 5561 | Q60: =August2026Primary_Tracking!M78 -> 0.034142328 | R60: =August2026Primary_Tracking!N78 -> -0.01 | ... AN60: =August2026Primary_Tracking!AJ78 -> 0.053839365
A61: Congress 8th | B61: TOTAL VOTES | C61: =AJ61 -> 194321 | D61: =AK61 -> 0 | E61: =August2026Primary_Tracking!E82 -> 111573 | F61: =August2026Primary_Tracking!F82 | G61: =E61/C61 -> 0.57416851 | H61: =C61-E61 -> 82748 | K61: =August2026Primary_Tracking!G82 -> 137605 | L61: =August2026Primary_Tracking!H82 | M61: =August2026Primary_Tracking!I82 | N61: =August2026Primary_Tracking!J82 -> 26032 | O61: =August2026Primary_Tracking!K82 | P61: =August2026Primary_Tracking!L82 -> 163288 | Q61: =August2026Primary_Tracking!M82 | R61: =August2026Primary_Tracking!N82 | ... AN61: =August2026Primary_Tracking!AJ82 -> 0
A62: Kim Schrier | B62: Democratic | C62: =AJ62 -> 102853 | D62: =AK62 -> 0.53685309 | E62: =August2026Primary_Tracking!E83 -> 59340 | F62: =August2026Primary_Tracking!F83 -> 0.54 | G62: =E62/C62 -> 0.5769399 | H62: =C62-E62 -> 43513 | I62: =H62/H$61 -> 0.52584957 | J62: =I62-F62 -> -0.014150433 | K62: =August2026Primary_Tracking!G83 -> 72652 | L62: =August2026Primary_Tracking!H83 -> 0.5361 | M62: =August2026Primary_Tracking!I83 -> -0.39 | N62: =August2026Primary_Tracking!J83 -> 13312 | O62: =August2026Primary_Tracking!K83 -> 0.5193 | P62: =August2026Primary_Tracking!L83 -> 85071 | Q62: =August2026Primary_Tracking!M83 -> 0.52927233 | R62: =August2026Primary_Tracking!N83 -> -1.07 | ... AN62: =August2026Primary_Tracking!AJ83 -> 0.54659358
A63: Trinh Ha | B63: Republican | C63: =AJ63 -> 28340 | D63: =AK63 -> 0.1479239 | E63: =August2026Primary_Tracking!E84 -> 16199 | F63: =August2026Primary_Tracking!F84 -> 0.1474 | G63: =E63/C63 -> 0.57159492 | H63: =C63-E63 -> 12141 | I63: =H63/H$61 -> 0.14672258 | J63: =I63-F63 -> -0.0006774206 | K63: =August2026Primary_Tracking!G84 -> 20538 | L63: =August2026Primary_Tracking!H84 -> 0.1516 | M63: =August2026Primary_Tracking!I84 -> 0.42 | N63: =August2026Primary_Tracking!J84 -> 4339 | O63: =August2026Primary_Tracking!K84 -> 0.1693 | P63: =August2026Primary_Tracking!L84 -> 24574 | Q63: =August2026Primary_Tracking!M84 -> 0.15288804 | R63: =August2026Primary_Tracking!N84 -> 0.55 | ... AN63: =August2026Primary_Tracking!AJ84 -> 0.12372749
A64: Spencer Meline | B64: Republican | C64: =AJ64 -> 30324 | D64: =AK64 -> 0.15827961 | E64: =August2026Primary_Tracking!E85 -> 16206 | F64: =August2026Primary_Tracking!F85 -> 0.1475 | G64: =E64/C64 -> 0.53442818 | H64: =C64-E64 -> 14118 | I64: =H64/H$61 -> 0.1706144 | J64: =I64-F64 -> 0.023114396 | K64: =August2026Primary_Tracking!G85 -> 20628 | L64: =August2026Primary_Tracking!H85 -> 0.1522 | M64: =August2026Primary_Tracking!I85 -> 0.47 | N64: =August2026Primary_Tracking!J85 -> 4422 | O64: =August2026Primary_Tracking!K85 -> 0.1725 | P64: =August2026Primary_Tracking!L85 -> 25192 | Q64: =August2026Primary_Tracking!M85 -> 0.15673295 | R64: =August2026Primary_Tracking!N85 -> 0.92 | ... AN64: =August2026Primary_Tracking!AJ85 -> 0.1605325
A65: Keith Arnold | B65: Independent | C65: =AJ65 -> 4777 | D65: =AK65 -> 0.024934102 | E65: =August2026Primary_Tracking!E86 -> 2417 | F65: =August2026Primary_Tracking!F86 -> 0.022 | G65: =E65/C65 -> 0.50596609 | H65: =C65-E65 -> 2360 | I65: =H65/H$61 -> 0.028520327 | J65: =I65-F65 -> 0.0065203268 | K65: =August2026Primary_Tracking!G86 -> 3011 | L65: =August2026Primary_Tracking!H86 -> 0.0222 | M65: =August2026Primary_Tracking!I86 -> 0.02 | N65: =August2026Primary_Tracking!J86 -> 594 | O65: =August2026Primary_Tracking!K86 -> 0.0232 | P65: =August2026Primary_Tracking!L86 -> 3772 | Q65: =August2026Primary_Tracking!M86 -> 0.023467636 | R65: =August2026Primary_Tracking!N86 -> 0.15 | ... AN65: =August2026Primary_Tracking!AJ86 -> 0.050900548
A66: Andres Valleza | B66: Republican | C66: =AJ66 -> 4549 | D66: =AK66 -> 0.02374403 | E66: =August2026Primary_Tracking!E87 -> 2635 | F66: =August2026Primary_Tracking!F87 -> 0.024 | G66: =E66/C66 -> 0.57924819 | H66: =C66-E66 -> 1914 | I66: =H66/H$61 -> 0.023130468 | J66: =I66-F66 -> -0.00086953159 | K66: =August2026Primary_Tracking!G87 -> 3244 | L66: =August2026Primary_Tracking!H87 -> 0.0239 | M66: =August2026Primary_Tracking!I87 -> -0.01 | N66: =August2026Primary_Tracking!J87 -> 609 | O66: =August2026Primary_Tracking!K87 -> 0.0238 | P66: =August2026Primary_Tracking!L87 -> 3935 | Q66: =August2026Primary_Tracking!M87 -> 0.024481746 | R66: =August2026Primary_Tracking!N87 -> 0.05 | ... AN66: =August2026Primary_Tracking!AJ87 -> 0.027407987
A67: Bob Hagglund | B67: Republican | C67: =AJ67 -> 20382 | D67: =AK67 -> 0.1063862 | E67: =August2026Primary_Tracking!E88 -> 12923 | F67: =August2026Primary_Tracking!F88 -> 0.1176 | G67: =E67/C67 -> 0.63403984 | H67: =C67-E67 -> 7459 | I67: =H67/H$61 -> 0.090141151 | J67: =I67-F67 -> -0.027458849 | K67: =August2026Primary_Tracking!G88 -> 15236 | L67: =August2026Primary_Tracking!H88 -> 0.1124 | M67: =August2026Primary_Tracking!I88 -> -0.52 | N67: =August2026Primary_Tracking!J88 -> 2313 | O67: =August2026Primary_Tracking!K88 -> 0.0902 | P67: =August2026Primary_Tracking!L88 -> 17918 | Q67: =August2026Primary_Tracking!M88 -> 0.11147749 | R67: =August2026Primary_Tracking!N88 -> -0.61 | ... AN67: =August2026Primary_Tracking!AJ88 -> 0.081440877
A68: Congress 9th | B68: TOTAL VOTES | C68: =AJ68 -> 143943 | D68: =AK68 -> 0 | E68: =August2026Primary_Tracking!E92 -> 71932 | F68: =August2026Primary_Tracking!F92 | G68: =E68/C68 -> 0.49972559 | H68: =C68-E68 -> 72011 | K68: =August2026Primary_Tracking!G92 -> 89152 | L68: =August2026Primary_Tracking!H92 | M68: =August2026Primary_Tracking!I92 | N68: =August2026Primary_Tracking!J92 -> 17220 | O68: =August2026Primary_Tracking!K92 | P68: =August2026Primary_Tracking!L92 -> 110240 | Q68: =August2026Primary_Tracking!M92 | R68: =August2026Primary_Tracking!N92 | ... AN68: =August2026Primary_Tracking!AJ92 -> 0
A69: Jacob Perasso | B69: Independent | C69: =AJ69 -> 1588 | D69: =AK69 -> 0.011155132 | E69: =August2026Primary_Tracking!E93 -> 802 | F69: =August2026Primary_Tracking!F93 -> 0.0113 | G69: =E69/C69 -> 0.50503778 | H69: =C69-E69 -> 786 | I69: =H69/H$68 -> 0.010914999 | J69: =I69-F69 -> -0.0003850009 | K69: =August2026Primary_Tracking!G93 -> 937 | L69: =August2026Primary_Tracking!H93 -> 0.0107 | M69: =August2026Primary_Tracking!I93 -> -0.06 | N69: =August2026Primary_Tracking!J93 -> 135 | O69: =August2026Primary_Tracking!K93 -> 0.008 | P69: =August2026Primary_Tracking!L93 -> 1148 | Q69: =August2026Primary_Tracking!M93 -> 0.010587866 | R69: =August2026Primary_Tracking!N93 -> -0.07 | ... AN69: =August2026Primary_Tracking!AJ93 -> 0.018898932
A70: Kshama Sawant | B70: DSA | C70: =AJ70 -> 24583 | D70: =AK70 -> 0.17268679 | E70: =August2026Primary_Tracking!E94 -> 8896 | F70: =August2026Primary_Tracking!F94 -> 0.1256 | G70: =E70/C70 -> 0.36187609 | H70: =C70-E70 -> 15687 | I70: =H70/H$68 -> 0.21784172 | J70: =I70-F70 -> 0.092241719 | K70: =August2026Primary_Tracking!G94 -> 11405 | L70: =August2026Primary_Tracking!H94 -> 0.13 | M70: =August2026Primary_Tracking!I94 -> 0.44 | N70: =August2026Primary_Tracking!J94 -> 2509 | O70: =August2026Primary_Tracking!K94 -> 0.1483 | P70: =August2026Primary_Tracking!L94 -> 16408 | Q70: =August2026Primary_Tracking!M94 -> 0.15132902 | R70: =August2026Primary_Tracking!N94 -> 2.57 | ... AN70: =August2026Primary_Tracking!AJ94 -> 0.326212
A71: Melissa Chaudhry | B71: DSA | C71: =AJ71 -> 17811 | D71: =AK71 -> 0.12511591 | E71: =August2026Primary_Tracking!E95 -> 8083 | F71: =August2026Primary_Tracking!F95 -> 0.1142 | G71: =E71/C71 -> 0.45382067 | H71: =C71-E71 -> 9728 | I71: =H71/H$68 -> 0.13509047 | J71: =I71-F71 -> 0.020890472 | K71: =August2026Primary_Tracking!G95 -> 10124 | L71: =August2026Primary_Tracking!H95 -> 0.1154 | M71: =August2026Primary_Tracking!I95 -> 0.12 | N71: =August2026Primary_Tracking!J95 -> 2041 | O71: =August2026Primary_Tracking!K95 -> 0.1207 | P71: =August2026Primary_Tracking!L95 -> 13016 | Q71: =August2026Primary_Tracking!M95 -> 0.12004501 | R71: =August2026Primary_Tracking!N95 -> 0.58 | ... AN71: =August2026Primary_Tracking!AJ95 -> 0.15612161
A72: Doug Basler | B72: Republican | C72: =AJ72 -> 31070 | D72: =AK72 -> 0.21825564 | E72: =August2026Primary_Tracking!E96 -> 16842 | F72: =August2026Primary_Tracking!F96 -> 0.2379 | G72: =E72/C72 -> 0.5420663 | H72: =C72-E72 -> 14228 | I72: =H72/H$68 -> 0.19758093 | J72: =I72-F72 -> -0.040319075 | K72: =August2026Primary_Tracking!G96 -> 21140 | L72: =August2026Primary_Tracking!H96 -> 0.241 | M72: =August2026Primary_Tracking!I96 -> 0.31 | N72: =August2026Primary_Tracking!J96 -> 4298 | O72: =August2026Primary_Tracking!K96 -> 0.2541 | P72: =August2026Primary_Tracking!L96 -> 24667 | Q72: =August2026Primary_Tracking!M96 -> 0.22750078 | R72: =August2026Primary_Tracking!N96 -> -1.04 | ... AN72: =August2026Primary_Tracking!AJ96 -> 0.1347576
A73: Adam Smith | B73: Democratic | C73: =AJ73 -> 67095 | D73: =AK73 -> 0.47131838 | E73: =August2026Primary_Tracking!E97 -> 36070 | F73: =August2026Primary_Tracking!F97 -> 0.5094 | G73: =E73/C73 -> 0.53759595 | H73: =C73-E73 -> 31025 | I73: =H73/H$68 -> 0.43083696 | J73: =I73-F73 -> -0.078563045 | K73: =August2026Primary_Tracking!G97 -> 44010 | L73: =August2026Primary_Tracking!H97 -> 0.5017 | M73: =August2026Primary_Tracking!I97 -> -0.77 | N73: =August2026Primary_Tracking!J97 -> 7940 | O73: =August2026Primary_Tracking!K97 -> 0.4694 | P73: =August2026Primary_Tracking!L97 -> 53036 | Q73: =August2026Primary_Tracking!M97 -> 0.48914467 | R73: =August2026Primary_Tracking!N97 -> -2.03 | ... AN73: =August2026Primary_Tracking!AJ97 -> 0.3599014
A74: Congress 10th | B74: TOTAL VOTES | C74: =AJ74 -> 158386 | D74: =AK74 -> 0 | E74: =August2026Primary_Tracking!E101 -> 81476 | F74: =August2026Primary_Tracking!F101 | G74: =E74/C74 -> 0.51441415 | H74: =C74-E74 -> 76910 | K74: =August2026Primary_Tracking!G101 -> 110756 | L74: =August2026Primary_Tracking!H101 | M74: =August2026Primary_Tracking!I101 | N74: =August2026Primary_Tracking!J101 -> 29280 | O74: =August2026Primary_Tracking!K101 | P74: =August2026Primary_Tracking!L101 -> 121701 | Q74: =August2026Primary_Tracking!M101 | R74: =August2026Primary_Tracking!N101 | ... AN74: =August2026Primary_Tracking!AJ101 -> 0
A75: Adam Arafat | B75: DSA | C75: =AJ75 -> 14695 | D75: =AK75 -> 0.094245841 | E75: =August2026Primary_Tracking!E102 -> 7147 | F75: =August2026Primary_Tracking!F102 -> 0.0889 | G75: =E75/C75 -> 0.4863559 | H75: =C75-E75 -> 7548 | I75: =H75/H$74 -> 0.098140684 | J75: =I75-F75 -> 0.0092406839 | K75: =August2026Primary_Tracking!G102 -> 9946 | L75: =August2026Primary_Tracking!H102 -> 0.091 | M75: =August2026Primary_Tracking!I102 -> 0.21 | N75: =August2026Primary_Tracking!J102 -> 2799 | O75: =August2026Primary_Tracking!K102 -> 0.097 | P75: =August2026Primary_Tracking!L102 -> 11025 | Q75: =August2026Primary_Tracking!M102 -> 0.091852802 | R75: =August2026Primary_Tracking!N102 -> 0.3 | ... AN75: =August2026Primary_Tracking!AJ102 -> 0.11790841
A76: Marilyn Strickland | B76: Democratic | C76: =AJ76 -> 73689 | D76: =AK76 -> 0.47260169 | E76: =August2026Primary_Tracking!E103 -> 39501 | F76: =August2026Primary_Tracking!F103 -> 0.4914 | G76: =E76/C76 -> 0.53605016 | H76: =C76-E76 -> 34188 | I76: =H76/H$74 -> 0.44451957 | J76: =I76-F76 -> -0.046880432 | K76: =August2026Primary_Tracking!G103 -> 52908 | L76: =August2026Primary_Tracking!H103 -> 0.4843 | M76: =August2026Primary_Tracking!I103 -> -0.71 | N76: =August2026Primary_Tracking!J103 -> 13407 | O76: =August2026Primary_Tracking!K103 -> 0.4647 | P76: =August2026Primary_Tracking!L103 -> 57682 | Q76: =August2026Primary_Tracking!M103 -> 0.4805672 | R76: =August2026Primary_Tracking!N103 -> -1.08 | ... AN76: =August2026Primary_Tracking!AJ103 -> 0.42549556
A77: Kurtis Engle | B77: Independent | C77: =AJ77 -> 713 | D77: =AK77 -> 0.0045727992 | E77: =August2026Primary_Tracking!E104 -> 376 | F77: =August2026Primary_Tracking!F104 -> 0.0047 | G77: =E77/C77 -> 0.52734923 | H77: =C77-E77 -> 337 | I77: =H77/H$74 -> 0.0043817449 | J77: =I77-F77 -> -0.0003182551 | K77: =August2026Primary_Tracking!G104 -> 483 | L77: =August2026Primary_Tracking!H104 -> 0.0044 | M77: =August2026Primary_Tracking!I104 -> -0.03 | N77: =August2026Primary_Tracking!J104 -> 107 | O77: =August2026Primary_Tracking!K104 -> 0.0037 | P77: =August2026Primary_Tracking!L104 -> 541 | Q77: =August2026Primary_Tracking!M104 -> 0.0045072441 | R77: =August2026Primary_Tracking!N104 -> -0.02 | ... AN77: =August2026Primary_Tracking!AJ104 -> 0.0071770335
A78: Alex Scheel | B78: DSA | C78: =AJ78 -> 16074 | D78: =AK78 -> 0.10309001 | E78: =August2026Primary_Tracking!E105 -> 5660 | F78: =August2026Primary_Tracking!F105 -> 0.0704 | G78: =E78/C78 -> 0.35212144 | H78: =C78-E78 -> 10414 | I78: =H78/H$74 -> 0.13540502 | J78: =I78-F78 -> 0.065005019 | K78: =August2026Primary_Tracking!G105 -> 9031 | L78: =August2026Primary_Tracking!H105 -> 0.0827 | M78: =August2026Primary_Tracking!I105 -> 1.23 | N78: =August2026Primary_Tracking!J105 -> 3371 | O78: =August2026Primary_Tracking!K105 -> 0.1169 | P78: =August2026Primary_Tracking!L105 -> 10192 | Q78: =August2026Primary_Tracking!M105 -> 0.084912813 | R78: =August2026Primary_Tracking!N105 -> 1.45 | ... AN78: =August2026Primary_Tracking!AJ105 -> 0.20437457
A79: Derek Maynes | B79: Independent | C79: =AJ79 -> 1431 | D79: =AK79 -> 0.0091776658 | E79: =August2026Primary_Tracking!E106 -> 731 | F79: =August2026Primary_Tracking!F106 -> 0.0091 | G79: =E79/C79 -> 0.51083159 | H79: =C79-E79 -> 700 | I79: =H79/H$74 -> 0.0091015473 | J79: =I79-F79 -> 1.547263e-06 | K79: =August2026Primary_Tracking!G106 -> 970 | L79: =August2026Primary_Tracking!H106 -> 0.0089 | M79: =August2026Primary_Tracking!I106 -> -0.02 | N79: =August2026Primary_Tracking!J106 -> 239 | O79: =August2026Primary_Tracking!K106 -> 0.0083 | P79: =August2026Primary_Tracking!L106 -> 1081 | Q79: =August2026Primary_Tracking!M106 -> 0.0090061568 | R79: =August2026Primary_Tracking!N106 -> -0.01 | ... AN79: =August2026Primary_Tracking!AJ106 -> 0.011961722
A80: Chris D. Chung | B80: Republican | C80: =AJ80 -> 48953 | D80: =AK80 -> 0.31395826 | E80: =August2026Primary_Tracking!E107 -> 26745 | F80: =August2026Primary_Tracking!F107 -> 0.3327 | G80: =E80/C80 -> 0.54634037 | H80: =C80-E80 -> 22208 | I80: =H80/H$74 -> 0.28875309 | J80: =I80-F80 -> -0.043946912 | K80: =August2026Primary_Tracking!G107 -> 35611 | L80: =August2026Primary_Tracking!H107 -> 0.326 | M80: =August2026Primary_Tracking!I107 -> -0.67 | N80: =August2026Primary_Tracking!J107 -> 8866 | O80: =August2026Primary_Tracking!K107 -> 0.3073 | P80: =August2026Primary_Tracking!L107 -> 39195 | Q80: =August2026Primary_Tracking!M107 -> 0.32654608 | R80: =August2026Primary_Tracking!N107 -> -0.62 | ... AN80: =August2026Primary_Tracking!AJ107 -> 0.22898154
A81: District 6 - Rep 1 | B81: TOTAL VOTES | C81: =AJ81 -> 37970 | D81: =AK81 -> 0 | E81: =August2026Primary_Tracking!E173 -> 19518 | F81: =August2026Primary_Tracking!F173 | G81: =E81/C81 -> 0.5140374 | H81: =C81-E81 -> 18452 | K81: =August2026Primary_Tracking!G173 -> 22303 | L81: =August2026Primary_Tracking!H173 | M81: =August2026Primary_Tracking!I173 | N81: =August2026Primary_Tracking!J173 -> 2785 | O81: =August2026Primary_Tracking!K173 | P81: =August2026Primary_Tracking!L173 -> 25332 | Q81: =August2026Primary_Tracking!M173 | R81: =August2026Primary_Tracking!N173 | ... AN81: =August2026Primary_Tracking!AJ173 -> 0
A82: Sueann Davis | B82: Republican | C82: =AJ82 -> 1732 | D82: =AK82 -> 0.047637384 | E82: =August2026Primary_Tracking!E174 -> 1021 | F82: =August2026Primary_Tracking!F174 -> 0.0523 | G82: =E82/C82 -> 0.58949192 | H82: =C82-E82 -> 711 | I82: =H82/H$81 -> 0.038532408 | J82: =I82-F82 -> -0.013767592 | K82: =August2026Primary_Tracking!G174 -> 1116 | L82: =August2026Primary_Tracking!H174 -> 0.05 | M82: =August2026Primary_Tracking!I174 -> -0.23 | N82: =August2026Primary_Tracking!J174 -> 95 | O82: =August2026Primary_Tracking!K174 -> 0.0341 | P82: =August2026Primary_Tracking!L174 -> 1242 | Q82: =August2026Primary_Tracking!M174 -> 0.049028896 | R82: =August2026Primary_Tracking!N174 -> -0.33 | ... AN82: =August2026Primary_Tracking!AJ174 -> 0.02360515
A83: Isaiah Paine | B83: Republican | C83: =AJ83 -> 7035 | D83: =AK83 -> 0.19349249 | E83: =August2026Primary_Tracking!E175 -> 3731 | F83: =August2026Primary_Tracking!F175 -> 0.1912 | G83: =E83/C83 -> 0.53034826 | H83: =C83-E83 -> 3304 | I83: =H83/H$81 -> 0.17905918 | J83: =I83-F83 -> -0.012140819 | K83: =August2026Primary_Tracking!G175 -> 4293 | L83: =August2026Primary_Tracking!H175 -> 0.1925 | M83: =August2026Primary_Tracking!I175 -> 0.13 | N83: =August2026Primary_Tracking!J175 -> 562 | O83: =August2026Primary_Tracking!K175 -> 0.2018 | P83: =August2026Primary_Tracking!L175 -> 4884 | Q83: =August2026Primary_Tracking!M175 -> 0.19279962 | R83: =August2026Primary_Tracking!N175 -> 0.16 | ... AN83: =August2026Primary_Tracking!AJ175 -> 0.18669528
A84: Michaela Kelso | B84: Democratic | C84: =AJ84 -> 11093 | D84: =AK84 -> 0.30510479 | E84: =August2026Primary_Tracking!E176 -> 5794 | F84: =August2026Primary_Tracking!F176 -> 0.2969 | G84: =E84/C84 -> 0.52231137 | H84: =C84-E84 -> 5299 | I84: =H84/H$81 -> 0.28717754 | J84: =I84-F84 -> -0.0097224583 | K84: =August2026Primary_Tracking!G176 -> 6667 | L84: =August2026Primary_Tracking!H176 -> 0.2989 | M84: =August2026Primary_Tracking!I176 -> 0.2 | N84: =August2026Primary_Tracking!J176 -> 873 | O84: =August2026Primary_Tracking!K176 -> 0.3135 | P84: =August2026Primary_Tracking!L176 -> 7610 | Q84: =August2026Primary_Tracking!M176 -> 0.30041055 | R84: =August2026Primary_Tracking!N176 -> 0.35 | ... AN84: =August2026Primary_Tracking!AJ176 -> 0.35193133
A85: Jennifer Morton | B85: Republican | C85: =AJ85 -> 2640 | D85: =AK85 -> 0.072611255 | E85: =August2026Primary_Tracking!E177 -> 1482 | F85: =August2026Primary_Tracking!F177 -> 0.0759 | G85: =E85/C85 -> 0.56136364 | H85: =C85-E85 -> 1158 | I85: =H85/H$81 -> 0.062757425 | J85: =I85-F85 -> -0.013142575 | K85: =August2026Primary_Tracking!G177 -> 1690 | L85: =August2026Primary_Tracking!H177 -> 0.0758 | M85: =August2026Primary_Tracking!I177 -> -0.01 | N85: =August2026Primary_Tracking!J177 -> 208 | O85: =August2026Primary_Tracking!K177 -> 0.0747 | P85: =August2026Primary_Tracking!L177 -> 1881 | Q85: =August2026Primary_Tracking!M177 -> 0.074253908 | R85: =August2026Primary_Tracking!N177 -> -0.16 | ... AN85: =August2026Primary_Tracking!AJ177 -> 0.051502146
A86: Nicolette Ocheltree | B86: Democratic | C86: =AJ86 -> 4313 | D86: =AK86 -> 0.11862589 | E86: =August2026Primary_Tracking!E178 -> 2362 | F86: =August2026Primary_Tracking!F178 -> 0.121 | G86: =E86/C86 -> 0.54764665 | H86: =C86-E86 -> 1951 | I86: =H86/H$81 -> 0.1057338 | J86: =I86-F86 -> -0.015266204 | K86: =August2026Primary_Tracking!G178 -> 2676 | L86: =August2026Primary_Tracking!H178 -> 0.12 | M86: =August2026Primary_Tracking!I178 -> -0.1 | N86: =August2026Primary_Tracking!J178 -> 314 | O86: =August2026Primary_Tracking!K178 -> 0.1127 | P86: =August2026Primary_Tracking!L178 -> 3049 | Q86: =August2026Primary_Tracking!M178 -> 0.1203616 | R86: =August2026Primary_Tracking!N178 -> -0.06 | ... AN86: =August2026Primary_Tracking!AJ178 -> 0.12446352
A87: Alan Nolan | B87: Republican | C87: =AJ87 -> 9450 | D87: =AK87 -> 0.25991529 | E87: =August2026Primary_Tracking!E179 -> 5065 | F87: =August2026Primary_Tracking!F179 -> 0.2595 | G87: =E87/C87 -> 0.53597884 | H87: =C87-E87 -> 4385 | I87: =H87/H$81 -> 0.23764362 | J87: =I87-F87 -> -0.021856384 | K87: =August2026Primary_Tracking!G179 -> 5792 | L87: =August2026Primary_Tracking!H179 -> 0.2597 | M87: =August2026Primary_Tracking!I179 -> 0.02 | N87: =August2026Primary_Tracking!J179 -> 727 | O87: =August2026Primary_Tracking!K179 -> 0.261 | P87: =August2026Primary_Tracking!L179 -> 6596 | Q87: =August2026Primary_Tracking!M179 -> 0.26038213 | R87: =August2026Primary_Tracking!N179 -> 0.09 | ... AN87: =August2026Primary_Tracking!AJ179 -> 0.25965665
A88: District 6 - Rep 2 | B88: TOTAL VOTES | C88: =AJ88 -> 37970 | D88: =AK88 -> 0 | E88: =August2026Primary_Tracking!E181 -> 19774 | F88: =August2026Primary_Tracking!F181 | G88: =E88/C88 -> 0.52077956 | H88: =C88-E88 -> 18196 | K88: =August2026Primary_Tracking!G181 -> 22591 | L88: =August2026Primary_Tracking!H181 | M88: =August2026Primary_Tracking!I181 | N88: =August2026Primary_Tracking!J181 -> 2817 | O88: =August2026Primary_Tracking!K181 | P88: =August2026Primary_Tracking!L181 -> 25665 | Q88: =August2026Primary_Tracking!M181 | R88: =August2026Primary_Tracking!N181 | ... AN88: =August2026Primary_Tracking!AJ181 -> 0
A89: Jonathan Bingle | B89: Republican | C89: =AJ89 -> 18651 | D89: =AK89 -> 0.50566641 | E89: =August2026Primary_Tracking!E182 -> 10131 | F89: =August2026Primary_Tracking!F182 -> 0.5123 | G89: =E89/C89 -> 0.54318803 | H89: =C89-E89 -> 8520 | I89: =H89/H$88 -> 0.46823478 | J89: =I89-F89 -> -0.044065223 | K89: =August2026Primary_Tracking!G182 -> 11567 | L89: =August2026Primary_Tracking!H182 -> 0.512 | M89: =August2026Primary_Tracking!I182 -> -0.03 | N89: =August2026Primary_Tracking!J182 -> 1436 | O89: =August2026Primary_Tracking!K182 -> 0.5098 | P89: =August2026Primary_Tracking!L182 -> 13108 | Q89: =August2026Primary_Tracking!M182 -> 0.51073446 | R89: =August2026Primary_Tracking!N182 -> -0.16 | ... AN89: =August2026Primary_Tracking!AJ182 -> 0.45762712
A90: Julia Payne | B90: Democratic | C90: =AJ90 -> 9209 | D90: =AK90 -> 0.24967466 | E90: =August2026Primary_Tracking!E183 -> 5068 | F90: =August2026Primary_Tracking!F183 -> 0.2563 | G90: =E90/C90 -> 0.5503312 | H90: =C90-E90 -> 4141 | I90: =H90/H$88 -> 0.22757749 | J90: =I90-F90 -> -0.02872251 | K90: =August2026Primary_Tracking!G183 -> 5694 | L90: =August2026Primary_Tracking!H183 -> 0.252 | M90: =August2026Primary_Tracking!I183 -> -0.43 | N90: =August2026Primary_Tracking!J183 -> 626 | O90: =August2026Primary_Tracking!K183 -> 0.2222 | P90: =August2026Primary_Tracking!L183 -> 6435 | Q90: =August2026Primary_Tracking!M183 -> 0.25073057 | R90: =August2026Primary_Tracking!N183 -> -0.56 | ... AN90: =August2026Primary_Tracking!AJ183 -> 0.25423729
A91: Aaron M. Croft | B91: Independent | C91: =AJ91 -> 8950 | D91: =AK91 -> 0.24265264 | E91: =August2026Primary_Tracking!E184 -> 4531 | F91: =August2026Primary_Tracking!F184 -> 0.2291 | G91: =E91/C91 -> 0.50625698 | H91: =C91-E91 -> 4419 | I91: =H91/H$88 -> 0.24285557 | J91: =I91-F91 -> 0.013755573 | K91: =August2026Primary_Tracking!G184 -> 5279 | L91: =August2026Primary_Tracking!H184 -> 0.2337 | M91: =August2026Primary_Tracking!I184 -> 0.46 | N91: =August2026Primary_Tracking!J184 -> 748 | O91: =August2026Primary_Tracking!K184 -> 0.2655 | P91: =August2026Primary_Tracking!L184 -> 6067 | Q91: =August2026Primary_Tracking!M184 -> 0.23639197 | R91: =August2026Primary_Tracking!N184 -> 0.73 | ... AN91: =August2026Primary_Tracking!AJ184 -> 0.28813559
A92: District 14 - Rep 2 | B92: TOTAL VOTES | C92: =AJ92 -> 13612 | D92: =AK92 -> 0 | E92: =August2026Primary_Tracking!E290 -> 6956 | F92: =August2026Primary_Tracking!F290 | G92: =E92/C92 -> 0.51101969 | H92: =C92-E92 -> 6656 | K92: =August2026Primary_Tracking!G290 -> 8431 | L92: =August2026Primary_Tracking!H290 | M92: =August2026Primary_Tracking!I290 | N92: =August2026Primary_Tracking!J290 -> 1475 | O92: =August2026Primary_Tracking!K290 | P92: =August2026Primary_Tracking!L290 -> 10257 | Q92: =August2026Primary_Tracking!M290 | R92: =August2026Primary_Tracking!N290 | ... AN92: =August2026Primary_Tracking!AJ290 -> 0
A93: Deb Manjarrez | B93: Republican | C93: =AJ93 -> 6700 | D93: =AK93 -> 0.51035954 | E93: =August2026Primary_Tracking!E291 -> 3436 | F93: =August2026Primary_Tracking!F291 -> 0.5115 | G93: =E93/C93 -> 0.51283582 | H93: =C93-E93 -> 3264 | I93: =H93/H$92 -> 0.49038462 | J93: =I93-F93 -> -0.021115385 | K93: =August2026Primary_Tracking!G291 -> 4159 | L93: =August2026Primary_Tracking!H291 -> 0.5111 | M93: =August2026Primary_Tracking!I291 -> -0.04 | N93: =August2026Primary_Tracking!J291 -> 723 | O93: =August2026Primary_Tracking!K291 -> 0.5092 | P93: =August2026Primary_Tracking!L291 -> 4893 | Q93: =August2026Primary_Tracking!M291 -> 0.49369388 | R93: =August2026Primary_Tracking!N291 -> -1.78 | ... AN93: =August2026Primary_Tracking!AJ291 -> 0.39285714
A94: Tony G Sandoval | B94: Democratic | C94: =AJ94 -> 2406 | D94: =AK94 -> 0.18327239 | E94: =August2026Primary_Tracking!E292 -> 1432 | F94: =August2026Primary_Tracking!F292 -> 0.2132 | G94: =E94/C94 -> 0.59517872 | H94: =C94-E94 -> 974 | I94: =H94/H$92 -> 0.14633413 | J94: =I94-F94 -> -0.066865865 | K94: =August2026Primary_Tracking!G292 -> 1659 | L94: =August2026Primary_Tracking!H292 -> 0.2039 | M94: =August2026Primary_Tracking!I292 -> -0.93 | N94: =August2026Primary_Tracking!J292 -> 227 | O94: =August2026Primary_Tracking!K292 -> 0.1599 | P94: =August2026Primary_Tracking!L292 -> 1966 | Q94: =August2026Primary_Tracking!M292 -> 0.19836545 | R94: =August2026Primary_Tracking!N292 -> -1.48 | ... AN94: =August2026Primary_Tracking!AJ292 -> 0.1547619
A95: Ezequiel Morfin | B95: DSA | C95: =AJ95 -> 3992 | D95: =AK95 -> 0.30408288 | E95: =August2026Primary_Tracking!E293 -> 1836 | F95: =August2026Primary_Tracking!F293 -> 0.2733 | G95: =E95/C95 -> 0.45991984 | H95: =C95-E95 -> 2156 | I95: =H95/H$92 -> 0.32391827 | J95: =I95-F95 -> 0.050618269 | K95: =August2026Primary_Tracking!G293 -> 2305 | L95: =August2026Primary_Tracking!H293 -> 0.2832 | M95: =August2026Primary_Tracking!I293 -> 0.99 | N95: =August2026Primary_Tracking!J293 -> 469 | O95: =August2026Primary_Tracking!K293 -> 0.3303 | P95: =August2026Primary_Tracking!L293 -> 3031 | Q95: =August2026Primary_Tracking!M293 -> 0.30582181 | R95: =August2026Primary_Tracking!N293 -> 3.25 | ... AN95: =August2026Primary_Tracking!AJ293 -> 0.45238095
A96: District 37 - Rep 1 | B96: TOTAL VOTES | C96: =AJ96 -> 40955 | D96: =AK96 -> 0 | E96: =August2026Primary_Tracking!E513 -> 17190 | F96: =August2026Primary_Tracking!F513 | G96: =E96/C96 -> 0.41972897 | H96: =C96-E96 -> 23765 | K96: =August2026Primary_Tracking!G513 -> 20324 | L96: =August2026Primary_Tracking!H513 | M96: =August2026Primary_Tracking!I513 | N96: =August2026Primary_Tracking!J513 -> 3134 | O96: =August2026Primary_Tracking!K513 | P96: =August2026Primary_Tracking!L513 -> 29386 | Q96: =August2026Primary_Tracking!M513 | R96: =August2026Primary_Tracking!N513 | ... AN96: =August2026Primary_Tracking!AJ513 -> 0
A97: Sharon Tomiko Santos | B97: Democratic | C97: =AJ97 -> 18517 | D97: =AK97 -> 0.47885903 | E97: =August2026Primary_Tracking!E514 -> 8647 | F97: =August2026Primary_Tracking!F514 -> 0.534 | G97: =E97/C97 -> 0.46697629 | H97: =C97-E97 -> 9870 | I97: =H97/H$96 -> 0.41531664 | J97: =I97-F97 -> -0.11868336 | K97: =August2026Primary_Tracking!G514 -> 10069 | L97: =August2026Primary_Tracking!H514 -> 0.5259 | M97: =August2026Primary_Tracking!I514 -> -0.81 | N97: =August2026Primary_Tracking!J514 -> 1422 | O97: =August2026Primary_Tracking!K514 -> 0.4812 | P97: =August2026Primary_Tracking!L514 -> 13858 | Q97: =August2026Primary_Tracking!M514 -> 0.50032493 | R97: =August2026Primary_Tracking!N514 -> -3.37 | ... AN97: =August2026Primary_Tracking!AJ514 -> 0.34507042
A98: Kelabe Tewolde | B98: DSA | C98: =AJ98 -> 19902 | D98: =AK98 -> 0.51467584 | E98: =August2026Primary_Tracking!E515 -> 7397 | F98: =August2026Primary_Tracking!F515 -> 0.4568 | G98: =E98/C98 -> 0.37167119 | H98: =C98-E98 -> 12505 | I98: =H98/H$96 -> 0.52619398 | J98: =I98-F98 -> 0.069393983 | K98: =August2026Primary_Tracking!G515 -> 8922 | L98: =August2026Primary_Tracking!H515 -> 0.4659 | M98: =August2026Primary_Tracking!I515 -> 0.91 | N98: =August2026Primary_Tracking!J515 -> 1525 | O98: =August2026Primary_Tracking!K515 -> 0.5161 | P98: =August2026Primary_Tracking!L515 -> 13609 | Q98: =August2026Primary_Tracking!M515 -> 0.49133511 | R98: =August2026Primary_Tracking!N515 -> 3.45 | ... AN98: =August2026Primary_Tracking!AJ515 -> 0.64319249
A99: District 43 - Senate | B99: TOTAL VOTES | C99: =AJ99 -> 39205 | D99: =AK99 -> 0 | E99: =August2026Primary_Tracking!E559 -> 18334 | F99: =August2026Primary_Tracking!F559 | G99: =E99/C99 -> 0.46764443 | H99: =C99-E99 -> 20871 | K99: =August2026Primary_Tracking!G559 -> 22023 | L99: =August2026Primary_Tracking!H559 | M99: =August2026Primary_Tracking!I559 | N99: =August2026Primary_Tracking!J559 -> 3689 | O99: =August2026Primary_Tracking!K559 | P99: =August2026Primary_Tracking!L559 -> 28827 | Q99: =August2026Primary_Tracking!M559 | R99: =August2026Primary_Tracking!N559 | ... AN99: =August2026Primary_Tracking!AJ559 -> 0
A100: Jamie Pedersen | B100: Democratic | C100: =AJ100 -> 25454 | D100: =AK100 -> 0.66673652 | E100: =August2026Primary_Tracking!E560 -> 12633 | F100: =August2026Primary_Tracking!F560 -> 0.7106 | G100: =E100/C100 -> 0.49630706 | H100: =C100-E100 -> 12821 | I100: =H100/H$99 -> 0.61429735 | J100: =I100-F100 -> -0.09630265 | K100: =August2026Primary_Tracking!G560 -> 15022 | L100: =August2026Primary_Tracking!H560 -> 0.7032 | M100: =August2026Primary_Tracking!I560 -> -0.74 | N100: =August2026Primary_Tracking!J560 -> 2389 | O100: =August2026Primary_Tracking!K560 -> 0.6664 | P100: =August2026Primary_Tracking!L560 -> 19079 | Q100: =August2026Primary_Tracking!M560 -> 0.68207493 | R100: =August2026Primary_Tracking!N560 -> -2.85 | ... AN100: =August2026Primary_Tracking!AJ560 -> 0.61101243
...

Sheet StatewideResults_Aug13
A1: Race | B1: Candidate | C1: Party | D1: Total Votes | E1: Vote Share | H1: Race | I1: Total Votes Cast
A2: U.S. Representative - Congressional District 1 | B2: Benjamin Kincaid | C2: (Prefers Democratic Party) | D2: 3572 | E2: 0.022286695 | H2: U.S. Representative - Congressional District 1 | I2: 162698
A3: U.S. Representative - Congressional District 1 | B3: Suzan DelBene | C3: (Prefers Democratic Party) | D3: 85031 | E3: 0.5305319 | H3: U.S. Representative - Congressional District 2 | I3: 212089
A4: U.S. Representative - Congressional District 1 | B4: Bryce Nickel | C4: (Prefers Democratic Party) | D4: 3921 | E4: 0.024464202 | H4: U.S. Representative - Congressional District 3 | I4: 215930 | L4: Number of Candidates w/ majority: | M4: =COUNTIF($E$2:$E$494,">=0.5") -> 102
A5: U.S. Representative - Congressional District 1 | B5: James Etzkorn | C5: (Prefers Independent Party) | D5: 11990 | E5: 0.074808922 | H5: U.S. Representative - Congressional District 4 | I5: 145177 | L5: Congress | M5: =COUNTIFS($E$2:$E$494,">=0.5",$A$2:$A$494,"*congress*") -> 4
A6: U.S. Representative - Congressional District 1 | B6: Hunter Gordon | C6: (Prefers Democratic Party) | D6: 9975 | E6: 0.062236781 | H6: U.S. Representative - Congressional District 5 | I6: 189719 | L6: State Senator (24 races) | M6: =COUNTIFS($E$2:$E$494,">=0.5",$A$2:$A$494,"state senator*") -> 22
A7: U.S. Representative - Congressional District 1 | B7: Mary Silva | C7: (Prefers Republican Party) | D7: 42014 | E7: 0.26213695 | H7: U.S. Representative - Congressional District 6 | I7: 212516 | L7: State Representative (98 races) | M7: =COUNTIFS($E$2:$E$494,">=0.5",$A$2:$A$494,"state representative*") -> 76
A8: U.S. Representative - Congressional District 1 | B8: Catherine Hildebrand | C8: (Prefers Democratic Party) | D8: 3551 | E8: 0.02215567 | H8: U.S. Representative - Congressional District 7 | I8: 220529 | L8: State Senate - Democrats | M8: =COUNTIFS($E$2:$E$494,">=0.5",$A$2:$A$494,"state senator*",$C$2:$C$494,"*democrat*") -> 15
A9: U.S. Representative - Congressional District 1 | B9: Write-In | D9: 221 | E9: 0.00137888 | H9: U.S. Representative - Congressional District 8 | I9: 193951 | L9: State Senate - Republicans | M9: =COUNTIFS($E$2:$E$494,">=0.5",$A$2:$A$494,"state senator*",$C$2:$C$494,"*republican*") -> 7
A10: U.S. Representative - Congressional District 2 | B10: Edwin H. Feller | C10: (Prefers Republican Party) | D10: 68537 | E10: 0.32797845 | H10: U.S. Representative - Congressional District 9 | I10: 143548 | L10: State Reps - Democrats | M10: =COUNTIFS($E$2:$E$494,">=0.5",$A$2:$A$494,"state representative*",$C$2:$C$494,"*democrat*") -> 52
A11: U.S. Representative - Congressional District 2 | B11: Tomas Scheel | C11: (Prefers Democratic Party) | D11: 29039 | E11: 0.13896386 | H11: U.S. Representative - Congressional District 10 | I11: 157691 | L11: State Reps - Republicans | M11: =COUNTIFS($E$2:$E$494,">=0.5",$A$2:$A$494,"state representative*",$C$2:$C$494,"*republican*") -> 24
A12: U.S. Representative - Congressional District 2 | B12: Devin Hermanson | C12: (Prefers Democratic Party) | D12: 22694 | E12: 0.10860036 | H12: State Senator - Legislative District 6 | I12: 37834
A13: U.S. Representative - Congressional District 2 | B13: Rick Larsen | C13: (Prefers Democratic Party) | D13: 88518 | E13: 0.42359596 | H13: State Senator - Legislative District 7 | I13: 43719 | L13: Legislative races w/o majority candidate | M13: Dems %
A14: U.S. Representative - Congressional District 2 | B14: Write-In | D14: 180 | E14: 0.0008613759 | H14: State Senator - Legislative District 8 | I14: 34538 | L14: LD 48 Rep 2 - two dems only | M14: =SUM(E485:E486) -> 0.97844864
A15: U.S. Representative - Congressional District 3 | B15: Marie Gluesenkamp Perez | C15: (Prefers Democratic Party) | D15: 77764 | E15: 0.36409606 | H15: State Senator - Legislative District 13 | I15: 31808
A16: U.S. Representative - Congressional District 3 | B16: Brent Hennrich | C16: (Prefers Democratic Party) | D16: 35705 | E16: 0.16717311 | H16: State Senator - Legislative District 15 | I16: 32294
A17: U.S. Representative - Congressional District 3 | B17: John P. Roco | C17: (Prefers Republican Party) | D17: 4073 | E17: 0.019070048 | H17: State Senator - Legislative District 21 | I17: 33148
A18: U.S. Representative - Congressional District 3 | B18: John Saulie-Rohman | C18: (Prefers Independent Party) | D18: 3524 | E18: 0.016499595 | H18: State Senator - Legislative District 26 | I18: 51269
A19: U.S. Representative - Congressional District 3 | B19: Troy Rasband | C19: (Prefers Democratic Party) | D19: 2050 | E19: 0.0095982321 | H19: State Senator - Legislative District 29 | I19: 19275
A20: U.S. Representative - Congressional District 3 | B20: John Braun | C20: (Prefers Republican Party) | D20: 84627 | E20: 0.39622907 | H20: State Senator - Legislative District 30 | I20: 23683
A21: U.S. Representative - Congressional District 3 | B21: Antony Barran | C21: (Prefers Cascade Party) | D21: 1336 | E21: 0.0062552381 | H21: State Senator - Legislative District 31 | I21: 34482
A22: U.S. Representative - Congressional District 3 | B22: Austin Braswell | C22: (Prefers Democratic Party) | D22: 1645 | E22: 0.007701996 | H22: State Senator - Legislative District 32 | I22: 41147
A23: U.S. Representative - Congressional District 3 | B23: Lawrence Kellogg | C23: (Prefers Republican Party) | D23: 2706 | E23: 0.012669666 | H23: State Senator - Legislative District 33 | I23: 26352
A24: U.S. Representative - Congressional District 3 | B24: Write-in | D24: 151 | E24: 0.00070699173 | H24: State Senator - Legislative District 34 | I24: 44084
A25: U.S. Representative - Congressional District 4 | B25: Jacek "Jack" Kobiesa | C25: (States No Party Preference) | D25: 2209 | E25: 0.015547579 | H25: State Senator - Legislative District 35 | I25: 50910
A26: U.S. Representative - Congressional District 4 | B26: Amanda McKinney | C26: (Prefers Republican Party) | D26: 49510 | E26: 0.34846565 | H26: State Senator - Legislative District 36 | I26: 49797
A27: U.S. Representative - Congressional District 4 | B27: John Duresky | C27: (Prefers Democratic Party) | D27: 42479 | E27: 0.29897945 | H27: State Senator - Legislative District 37 | I27: 40819
A28: U.S. Representative - Congressional District 4 | B28: John C. Hughs | C28: (Prefers Republican Party) | D28: 1688 | E28: 0.011880631 | H28: State Senator - Legislative District 38 | I28: 28627
A29: U.S. Representative - Congressional District 4 | B29: Favian Valencia | C29: (Prefers Independent Party) | D29: 5738 | E29: 0.040385698 | H29: State Senator - Legislative District 42 | I29: 50320
A30: U.S. Representative - Congressional District 4 | B30: Jerrod Sessler | C30: (Prefers Republican Party) | D30: 20733 | E30: 0.14592483 | H30: State Senator - Legislative District 43 | I30: 39025
A31: U.S. Representative - Congressional District 4 | B31: Devin Poore | C31: (Prefers Cascade Party) | D31: 1943 | E31: 0.013675394 | H31: State Senator - Legislative District 44 | I31: 36621
A32: U.S. Representative - Congressional District 4 | B32: Ken Vaz | C32: (Prefers Republican Party) | D32: 476 | E32: 0.0033502252 | H32: State Senator - Legislative District 45 | I32: 37735
A33: U.S. Representative - Congressional District 4 | B33: Zac Rossi | C33: (States No Party Preference) | D33: 872 | E33: 0.0061373874 | H33: State Senator - Legislative District 46 | I33: 46587
A34: U.S. Representative - Congressional District 4 | B34: Elpidia Saavedra | C34: (Prefers Republican Party) | D34: 1386 | E34: 0.0097550676 | H34: State Senator - Legislative District 47 | I34: 29599
A35: U.S. Representative - Congressional District 4 | B35: Matt Boehnke | C35: (Prefers Republican Party) | D35: 14931 | E35: 0.10508868 | H35: State Senator - Legislative District 48 | I35: 26711
A36: U.S. Representative - Congressional District 4 | B36: Write-In | D36: 115 | E36: 0.00080940315 | H36: State Representative Pos. 1 - Legislative District 1 | I36: 40105
A37: U.S. Representative - Congressional District 5 | B37: Nate Powell | C37: (Prefers Independent Party) | D37: 33058 | E37: 0.16406444 | H37: State Representative Pos. 2 - Legislative District 1 | I37: 40105
A38: U.S. Representative - Congressional District 5 | B38: Carmela Conroy | C38: (Prefers Democratic Party) | D38: 38115 | E38: 0.18916196 | H38: State Representative Pos. 1 - Legislative District 2 | I38: 32256
A39: U.S. Representative - Congressional District 5 | B39: Matthew Hayes | C39: (Prefers Independent Party) | D39: 2387 | E39: 0.011846507 | H39: State Representative Pos. 2 - Legislative District 2 | I39: 32256
A40: U.S. Representative - Congressional District 5 | B40: Bajun R. Mavalwalla | C40: (Prefers Democratic Party) | D40: 6399 | E40: 0.031757769 | H40: State Representative Pos. 1 - Legislative District 3 | I40: 42906
A41: U.S. Representative - Congressional District 5 | B41: Michael McGarr | C41: (Prefers Democratic Party) | D41: 1139 | E41: 0.0056527738 | H41: State Representative Pos. 2 - Legislative District 3 | I41: 42906
A42: U.S. Representative - Congressional District 5 | B42: Kevin Fagan | C42: (Prefers Democratic Party) | D42: 8967 | E42: 0.044502566 | H42: State Representative Pos. 1 - Legislative District 4 | I42: 42929
A43: U.S. Representative - Congressional District 5 | B43: Michael Baumgartner | C43: (Prefers Republican Party) | D43: 95359 | E43: 0.47325975 | H43: State Representative Pos. 2 - Legislative District 4 | I43: 42929
A44: U.S. Representative - Congressional District 5 | B44: Kyle Usrey | C44: (Prefers Independent Party) | D44: 2251 | E44: 0.011171549 | H44: State Representative Pos. 1 - Legislative District 5 | I44: 41818
A45: U.S. Representative - Congressional District 5 | B45: Andrew Bartleson | C45: (Prefers Independent Party) | D45: 900 | E45: 0.0044666342 | H45: State Representative Pos. 2 - Legislative District 5 | I45: 41818
A46: U.S. Representative - Congressional District 5 | B46: Ann Marie Danimus | C46: (Prefers Independent Party) | D46: 2868 | E46: 0.014233674 | H46: State Representative Pos. 1 - Legislative District 6 | I46: 37834
A47: U.S. Representative - Congressional District 5 | B47: Richard Freudenberg | C47: (Prefers Democratic Party) | D47: 2831 | E47: 0.014050046 | H47: State Representative Pos. 2 - Legislative District 6 | I47: 37834
A48: U.S. Representative - Congressional District 5 | B48: David Womack | C48: (Prefers Democratic Party) | D48: 7054 | E48: 0.035008487 | H48: State Representative Pos. 1 - Legislative District 7 | I48: 43719
A49: U.S. Representative - Congressional District 5 | B49: Write-in | D49: 166 | E49: 0.00082384587 | H49: State Representative Pos. 2 - Legislative District 7 | I49: 43719
A50: U.S. Representative - Congressional District 6 | B50: Emily Randall | C50: (Prefers Democratic Party) | D50: 132437 | E50: 0.58788775 | H50: State Representative Pos. 1 - Legislative District 8 | I50: 34538
A51: U.S. Representative - Congressional District 6 | B51: Brian P. O'Gorman | C51: (Prefers Independent Party) | D51: 7273 | E51: 0.032284842 | H51: State Representative Pos. 2 - Legislative District 8 | I51: 34538
A52: U.S. Representative - Congressional District 6 | B52: Teresa Fox | C52: (Prefers Republican Party) | D52: 57544 | E52: 0.25543777 | H52: State Representative Pos. 1 - Legislative District 9 | I52: 42925
A53: U.S. Representative - Congressional District 6 | B53: Macy Jones | C53: (States No Party Preference) | D53: 6016 | E53: 0.02670502 | H53: State Representative Pos. 2 - Legislative District 9 | I53: 42925
A54: U.S. Representative - Congressional District 6 | B54: Leon Lawson | C54: (Prefers Trump Republican Party) | D54: 21865 | E54: 0.097058719 | H54: State Representative Pos. 1 - Legislative District 10 | I54: 49005
A55: U.S. Representative - Congressional District 6 | B55: Write-In | D55: 141 | E55: 0.0006258989 | H55: State Representative Pos. 2 - Legislative District 10 | I55: 49005
A56: U.S. Representative - Congressional District 7 | B56: David W. Blomstrom | C56: (Prefers Fifth Republic Party) | D56: 4284 | E56: 0.019830763 | H56: State Representative Pos. 1 - Legislative District 11 | I56: 26427
A57: U.S. Representative - Congressional District 7 | B57: Pramila Jayapal | C57: (Prefers Democratic Party) | D57: 182252 | E57: 0.8436499 | H57: State Representative Pos. 2 - Legislative District 11 | I57: 26427
A58: U.S. Representative - Congressional District 7 | B58: Nirav Sheth | C58: (Prefers Republican Party) | D58: 21215 | E58: 0.098204862 | H58: State Representative Pos. 1 - Legislative District 12 | I58: 45047
A59: U.S. Representative - Congressional District 7 | B59: Gwen Kirkland | C59: (Prefers Democratic Party) | D59: 7480 | E59: 0.034625141 | H59: State Representative Pos. 2 - Legislative District 12 | I59: 45047
